-- phpMyAdmin SQL Dump
-- version 5.2.1
-- https://www.phpmyadmin.net/
--
-- Host: localhost:3306
-- Generation Time: Jul 17, 2023 at 08:38 AM
-- Server version: 8.0.33
-- PHP Version: 8.1.16

SET SQL_MODE = "NO_AUTO_VALUE_ON_ZERO";
START TRANSACTION;
SET time_zone = "+00:00";


/*!40101 SET @OLD_CHARACTER_SET_CLIENT=@@CHARACTER_SET_CLIENT */;
/*!40101 SET @OLD_CHARACTER_SET_RESULTS=@@CHARACTER_SET_RESULTS */;
/*!40101 SET @OLD_COLLATION_CONNECTION=@@COLLATION_CONNECTION */;
/*!40101 SET NAMES utf8mb4 */;

--
-- Database: `nustradetrack_nusnew`
--

-- --------------------------------------------------------

--
-- Table structure for table `clientcompanydata`
--

CREATE TABLE `clientcompanydata` (
  `id` int NOT NULL,
  `parentcompany` varchar(255) COLLATE utf8mb4_general_ci NOT NULL,
  `clientcompany` varchar(255) COLLATE utf8mb4_general_ci NOT NULL,
  `country` varchar(255) COLLATE utf8mb4_general_ci NOT NULL,
  `serialno` int NOT NULL DEFAULT '0'
) ENGINE=InnoDB DEFAULT CHARSET=utf8mb4 COLLATE=utf8mb4_general_ci;

--
-- Dumping data for table `clientcompanydata`
--

INSERT INTO `clientcompanydata` (`id`, `parentcompany`, `clientcompany`, `country`, `serialno`) VALUES
(1, 'AtlasEdge - International', 'Roosevelt Services Italy Srl', 'Italy', 4),
(2, 'AtlasEdge - International', 'Roosevelt Services Netherlands', 'Netherlands', 3),
(3, 'AtlasEdge - International', 'Roosevelt Services Belgium', 'Belgium', 2),
(4, 'AtlasEdge - International', 'Roosevelt Services Denmark APS', 'Denmark', 8),
(7, 'AtlasEdge - International', 'RS Colocation Services Germany GmbH', 'Germany', 1),
(8, 'AtlasEdge - International', 'Roosevelt Services Switzerland GmbH', 'Switzerland', 1),
(9, 'AtlasEdge - International', 'Roosvelt Services France', 'France', 2),
(11, 'AtlasEdge - International', 'Global Rusalka Spain, S.L.', 'Spain', 1),
(13, 'Boortmalt - International', 'Paul_s Malt Limited', 'United Kingdom', 2),
(14, 'Boortmalt - International', 'Boortmalt Spain SL', 'Spain', 4),
(15, 'C&A Europe - International', 'C&A Belgium ', 'Belgium', 3),
(16, 'C&A Europe - International', 'C&A Polska Sp. z. o. o.', 'Poland', 4),
(17, 'C&A Europe - International', 'C&A Italy ', 'Italy', 2),
(18, 'C&A Europe - International', 'C&A Moda s.r.o. ', 'Czech Republic', 1),
(19, 'AtlasEdge - International', 'Roosevelt Services UK Ltd', 'United Kingdom', 4),
(20, 'Boortmalt - International', 'Standart SAS ', 'France', 1),
(21, 'Boortmalt - International', 'Boortmalt NV Belgium', 'Belgium', 3),
(22, 'Boortmalt - International', 'Boortmalt  Herent NV', 'Belgium', 2),
(23, 'Boortmalt - International', 'Belgomalt NV', 'Belgium', 1),
(24, 'C&A Europe - International', 'C&A Nederland', 'Netherlands', 2),
(25, 'C&A Europe - International', 'C&A Mode s.r.o.', 'Slovak Republic', 1),
(26, 'C&A Europe - International', 'C&A Mode GmbH & Co. KG ', 'Germany', 2),
(27, 'C&A Europe - International', 'C&A D.O.O ', 'Slovenia', 1),
(28, 'C&A Europe - International', 'C&A', 'France', 2),
(30, 'C&A Europe - International', 'C&A Luxembourg', 'Luxembourg', 3),
(31, 'Boortmalt - International', 'Slavonija Slad D.O.O.', 'Croatia', 0),
(32, 'Boortmalt - International', 'Boortmalt Magyarorszag Kft.', 'Hungary', 2),
(33, 'C&A Europe - International', 'C&A MODAS, S.L.U', 'Spain', 3),
(34, 'C&A Europe - International', 'C&A Modas, Unipessoal, Lda', 'Portugal', 2);

-- --------------------------------------------------------

--
-- Table structure for table `enter_trade`
--

CREATE TABLE `enter_trade` (
  `tradeId` int NOT NULL,
  `parentId` varchar(50) COLLATE utf8mb4_general_ci DEFAULT NULL,
  `clientId` int DEFAULT NULL,
  `supplycontractid` varchar(128) COLLATE utf8mb4_general_ci DEFAULT NULL,
  `mw` float(10,2) DEFAULT NULL,
  `mwh` varchar(30) COLLATE utf8mb4_general_ci DEFAULT NULL,
  `percentage` varchar(30) COLLATE utf8mb4_general_ci DEFAULT NULL,
  `tradevolume` varchar(50) COLLATE utf8mb4_general_ci DEFAULT NULL,
  `baseload` float(10,2) DEFAULT NULL,
  `effectiveprice` float(10,2) DEFAULT NULL,
  `trade` varchar(30) COLLATE utf8mb4_general_ci DEFAULT NULL,
  `tradevalue` varchar(20) COLLATE utf8mb4_general_ci DEFAULT NULL,
  `tradingId` int DEFAULT NULL,
  `nustradeId` int DEFAULT NULL,
  `tradeDate` varchar(30) COLLATE utf8mb4_general_ci DEFAULT NULL,
  `quartval` varchar(30) COLLATE utf8mb4_general_ci DEFAULT NULL,
  `tradequarvol` varchar(30) COLLATE utf8mb4_general_ci DEFAULT NULL
) ENGINE=InnoDB DEFAULT CHARSET=utf8mb4 COLLATE=utf8mb4_general_ci;

--
-- Dumping data for table `enter_trade`
--

INSERT INTO `enter_trade` (`tradeId`, `parentId`, `clientId`, `supplycontractid`, `mw`, `mwh`, `percentage`, `tradevolume`, `baseload`, `effectiveprice`, `trade`, `tradevalue`, `tradingId`, `nustradeId`, `tradeDate`, `quartval`, `tradequarvol`) VALUES
(1, 'AtlasEdge - International', 9, 'Roosvelt-elec-00001', 0.00, '', '100', '7613', 550.92, 164.38, 'Calendar Yearly', '2023', 43, 25, '2022-10-12', '', '7613'),
(2, 'AtlasEdge - International', 7, 'RS-elec-00001', 0.00, '11,790.32', '', '11790', 435.00, 435.51, 'Calendar Yearly', '2023', 40, 20, '2022-08-10', '', '11800'),
(3, 'AtlasEdge - International', 7, 'RS-elec-00001', 0.00, '9,469.22', '', '9469', 243.00, 243.75, 'Calendar Yearly', '2024', 40, 21, '2022-08-09', '', '11800'),
(4, 'AtlasEdge - International', 8, 'Roosevelt-elec-00001', 0.00, '7,755', '', '7755', 441.58, 445.13, 'Calendar Yearly', '2023', 42, 23, '2022-08-11', '', '7761'),
(5, 'AtlasEdge - International', 8, 'Roosevelt-elec-00001', 0.00, '6,218.4', '', '6218', 230.05, 231.86, 'Calendar Yearly', '2024', 42, 24, '2022-08-09', '', '7761'),
(6, 'AtlasEdge - International', 3, 'Roosevelt-elec-00001', 0.00, '', '100', '2770', 362.11, 371.70, 'Calendar Quarterly', '2023', 38, 70, '2022-08-11', 'q2', '2770.5'),
(7, 'AtlasEdge - International', 3, 'Roosevelt-elec-00001', 0.00, '', '75', '2077', 355.06, 364.49, 'Calendar Quarterly', '2023', 38, 71, '2022-08-11', 'q3', '2770.5'),
(8, 'AtlasEdge - International', 3, 'Roosevelt-elec-00001', 0.00, '', '25', '692', 362.01, 371.60, 'Calendar Quarterly', '2023', 38, 71, '2022-09-09', 'q3', '2770.5'),
(9, 'AtlasEdge - International', 3, 'Roosevelt-elec-00001', 0.00, '', '100', '2770', 403.51, 414.01, 'Calendar Quarterly', '2023', 38, 72, '2022-10-03', 'q4', '2770.5'),
(10, 'AtlasEdge - International', 3, 'Roosevelt-elec-00001', 0.00, '', '75', '8311', 205.32, 211.42, 'Calendar Yearly', '2024', 37, 18, '2022-08-09', '', '11082'),
(11, 'AtlasEdge - International', 3, 'Roosevelt-elec-00001', 0.00, '', '25', '2770', 222.57, 229.05, 'Calendar Yearly', '2024', 37, 18, '2022-08-11', '', '11082'),
(12, 'AtlasEdge - International', 2, 'Roosevelt-elec-00001', 0.00, '', '100', '1718', 476.06, 488.18, 'Calendar Quarterly', '2023', 8, 17, '2022-08-10', 'q1', '1718'),
(13, 'AtlasEdge - International', 2, 'Roosevelt-elec-00001', 0.00, '', '100', '1737', 362.11, 371.70, 'Calendar Quarterly', '2023', 8, 18, '2022-08-10', 'q2', '1737'),
(14, 'AtlasEdge - International', 2, 'Roosevelt-elec-00001', 0.00, '', '75', '1317', 355.06, 364.49, 'Calendar Quarterly', '2023', 8, 19, '2022-08-10', 'q3', '1757'),
(15, 'AtlasEdge - International', 2, 'Roosevelt-elec-00001', 0.00, '', '25', '439', 362.01, 371.60, 'Calendar Quarterly', '2023', 8, 19, '2022-09-09', 'q3', '1757'),
(16, 'AtlasEdge - International', 2, 'Roosevelt-elec-00001', 0.00, '', '75', '1318', 403.51, 414.01, 'Calendar Quarterly', '2023', 8, 20, '2022-08-10', 'q4', '1758'),
(17, 'AtlasEdge - International', 2, 'Roosevelt-elec-00001', 0.00, '', '25', '439', 395.90, 426.86, 'Calendar Quarterly', '2023', 8, 20, '2022-09-09', 'q4', '1758'),
(18, 'AtlasEdge - International', 2, 'Roosevelt-elec-00002', 0.00, '', '75', '5232', 208.18, 219.02, 'Calendar Yearly', '2024', 10, 6, '2022-08-09', '', '6977'),
(19, 'AtlasEdge - International', 2, 'Roosevelt-elec-00002', 0.00, '', '25', '1744', 234.60, 246.98, 'Calendar Yearly', '2024', 10, 6, '2022-10-28', '', '6977'),
(35, 'AtlasEdge - International', 7, 'RS-elec-00001', 0.00, '2,331', '', '2331', 268.50, 269.28, 'Calendar Yearly', '2024', 40, 21, '2022-10-28', '', '11800'),
(36, 'AtlasEdge - International', 8, 'Roosevelt-elec-00001', 0.00, '1,542', '', '1542', 265.04, 266.67, 'Calendar Yearly', '2024', 42, 24, '2022-10-28', '', '7761'),
(37, 'AtlasEdge - International', 11, 'Global-elec-00001', 0.00, '', '100', '6212', 228.00, 222.89, 'Calendar Quarterly', '2022', 49, 93, '2021-11-26', 'q1', '6212.76'),
(38, 'AtlasEdge - International', 11, 'Global-elec-00001', 0.00, '', '100', '6212', 267.00, 263.91, 'Calendar Quarterly', '2022', 49, 94, '2022-02-24', 'q2', '6212.76'),
(39, 'AtlasEdge - International', 11, 'Global-elec-00001', 0.00, '', '100', '6212', 232.00, 234.75, 'Calendar Quarterly', '2022', 49, 95, '2022-04-22', 'q3', '6212.76'),
(40, 'AtlasEdge - International', 11, 'Global-elec-00001', 0.00, '', '75', '4659', 219.00, 221.76, 'Calendar Quarterly', '2022', 49, 96, '2022-04-22', 'q4', '6212.76'),
(41, 'AtlasEdge - International', 11, 'Global-elec-00001', 0.00, '', '25', '1553', 163.00, 165.00, 'Calendar Quarterly', '2022', 49, 96, '2022-05-03', 'q4', '6212.76'),
(42, 'AtlasEdge - International', 11, 'Global-elec-00001', 0.00, '', '75', '18638', 149.00, 149.79, 'Calendar Yearly', '2023', 48, 28, '2023-05-26', '', '24851'),
(43, 'AtlasEdge - International', 11, 'Global-elec-00001', 0.00, '', '25', '1553', 161.00, 157.39, 'Calendar Quarterly', '2023', 49, 97, '2023-05-03', 'q1', '6212.76'),
(44, 'AtlasEdge - International', 11, 'Global-elec-00001', 0.00, '', '25', '1553', 153.00, 151.23, 'Calendar Quarterly', '2023', 49, 98, '2022-05-27', 'q2', '6212.76'),
(45, 'AtlasEdge - International', 11, 'Global-elec-00001', 0.00, '', '25', '1553', 153.00, 154.31, 'Calendar Quarterly', '2023', 49, 99, '2022-05-27', 'q3', '6212.76'),
(46, 'AtlasEdge - International', 11, 'Global-elec-00001', 0.00, '', '25', '1553', 153.00, 154.93, 'Calendar Quarterly', '2023', 49, 100, '2022-05-27', 'q4', '6212.76'),
(47, 'AtlasEdge - International', 11, 'Global-elec-00001', 0.00, '', '50', '12425', 107.00, 107.56, 'Calendar Yearly', '2024', 48, 29, '2022-05-26', '', '24851'),
(48, 'AtlasEdge - International', 11, 'Global-elec-00001', 0.00, '', '25', '6212', 157.50, 158.33, 'Calendar Yearly', '2024', 48, 29, '2022-08-11', '', '24851'),
(49, 'AtlasEdge - International', 11, 'Global-elec-00001', 0.00, '', '25', '6212', 129.00, 129.68, 'Calendar Yearly', '2024', 48, 29, '2022-10-27', '', '24851'),
(50, 'Boortmalt - International', 13, 'Paul_s-elec-00001', 1.00, '', '', '1092', 82.25, 83.47, 'Calendar Quarterly', '2023', 53, 105, '2021-10-13', 'q2', '6006'),
(51, 'Boortmalt - International', 13, 'Paul_s-elec-00001', 1.00, '', '', '1104', 82.25, 83.47, 'Calendar Quarterly', '2023', 53, 106, '2021-10-13', 'q3', '6072'),
(52, 'AtlasEdge - International', 4, 'Roosevelt-elec-00001', 0.00, '', '50', '3989', 192.03, 192.03, 'Calendar Yearly', '2023', 14, 7, '2020-11-27', '', '7978'),
(53, 'AtlasEdge - International', 4, 'Roosevelt-elec-00002', 0.00, '', '50', '3989', 199.85, 199.85, 'Calendar Yearly', '2024', 17, 8, '2020-11-27', '', '7978'),
(54, 'AtlasEdge - International', 4, 'Roosevelt-elec-00001', 0.00, '', '50', '3989', 594.40, 594.40, 'Calendar Yearly', '2023', 14, 7, '2022-05-30', '', '7978'),
(55, 'AtlasEdge - International', 4, 'Roosevelt-elec-00002', 0.00, '', '50', '3989', 592.18, 592.18, 'Calendar Yearly', '2024', 17, 8, '2022-10-28', '', '7978'),
(56, 'Boortmalt - International', 13, 'Paul_s-elec-00001', 0.00, '', '', '655', 87.60, 88.82, 'Calendar Quarterly', '2023', 53, 105, '2021-11-30', 'q2', '6006'),
(57, 'Boortmalt - International', 13, 'Paul_s-elec-00001', 0.00, '', '', '662', 87.60, 88.82, 'Calendar Quarterly', '2023', 53, 106, '2021-11-30', 'q3', '6072'),
(58, 'Boortmalt - International', 13, 'Paul_s-elec-00001', 0.00, '', '', '218', 343.00, 344.22, 'Calendar Quarterly', '2023', 53, 105, '2022-08-10', 'q2', '6006'),
(59, 'Boortmalt - International', 13, 'Paul_s-elec-00001', 0.00, '', '', '220', 343.00, 344.22, 'Calendar Quarterly', '2023', 53, 106, '2022-08-10', 'q3', '6072'),
(60, 'Boortmalt - International', 13, 'Paul_s-elec-00001', 0.00, '', '', '873', 408.00, 409.22, 'Calendar Quarterly', '2023', 53, 105, '2022-08-16', 'q2', '6006'),
(61, 'Boortmalt - International', 13, 'Paul_s-elec-00001', 0.00, '', '', '883', 408.00, 409.22, 'Calendar Quarterly', '2023', 53, 106, '2022-08-16', 'q3', '6072'),
(62, 'Boortmalt - International', 13, 'Paul_s-elec-00001', 0.00, '', '', '655', 450.00, 451.22, 'Calendar Quarterly', '2023', 53, 105, '2022-08-19', 'q2', '6006'),
(63, 'Boortmalt - International', 13, 'Paul_s-elec-00001', 0.00, '', '', '662', 450.00, 451.22, 'Calendar Quarterly', '2023', 53, 106, '2022-08-19', 'q3', '6072'),
(64, 'Boortmalt - International', 13, 'Paul_s-elec-00001', 1.00, '', '', '2184', 385.00, 386.22, 'Calendar Quarterly', '2023', 53, 105, '2022-09-06', 'q2', '6006'),
(65, 'Boortmalt - International', 13, 'Paul_s-elec-00001', 1.00, '', '', '2208', 385.00, 386.22, 'Calendar Quarterly', '2023', 53, 106, '2022-09-06', 'q3', '6072'),
(66, 'Boortmalt - International', 13, 'Paul_s-elec-00001', 0.00, '', '', '331', 120.30, 121.52, 'Calendar Quarterly', '2023', 53, 106, '2023-04-11', 'q3', '6072'),
(67, 'Boortmalt - International', 13, 'Paul_s-elec-00001', 0.00, '', '', '108', 103.42, 104.64, 'Calendar Monthly', '2023', 54, 229, '2023-04-30', 'Apr', '1980'),
(68, 'Boortmalt - International', 13, 'Paul_s-elec-00001', 0.00, '', '', '108', 89.50, 90.72, 'Calendar Monthly', '2023', 54, 231, '2023-05-09', 'Jun', '1980'),
(69, 'Boortmalt - International', 13, 'Paul_s-elec-00001', 1.00, '', '', '1104', 88.27, 89.49, 'Calendar Quarterly', '2023', 53, 107, '2021-10-13', 'q4', '6072'),
(70, 'Boortmalt - International', 13, 'Paul_s-elec-00001', 1.00, '', '', '1092', 88.27, 89.49, 'Calendar Quarterly', '2024', 53, 108, '2021-10-13', 'q1', '6006'),
(71, 'Boortmalt - International', 13, 'Paul_s-elec-00001', 0.00, '', '', '220', 353.00, 354.22, 'Calendar Quarterly', '2023', 53, 107, '2022-08-10', 'q4', '6072'),
(72, 'Boortmalt - International', 13, 'Paul_s-elec-00001', 0.00, '', '', '218', 353.00, 354.22, 'Calendar Quarterly', '2024', 53, 108, '2022-08-10', 'q1', '6006'),
(73, 'Boortmalt - International', 13, 'Paul_s-elec-00001', 0.00, '', '', '662', 425.00, 426.22, 'Calendar Quarterly', '2023', 53, 107, '2022-08-16', 'q4', '6072'),
(74, 'Boortmalt - International', 13, 'Paul_s-elec-00001', 0.00, '', '', '655', 425.00, 476.22, 'Calendar Quarterly', '2024', 53, 108, '2022-08-16', 'q1', '6006'),
(75, 'Boortmalt - International', 13, 'Paul_s-elec-00001', 0.00, '', '', '441', 475.00, 476.22, 'Calendar Quarterly', '2023', 53, 107, '2022-08-19', 'q4', '6072'),
(76, 'Boortmalt - International', 13, 'Paul_s-elec-00001', 0.00, '', '', '436', 475.00, 476.22, 'Calendar Quarterly', '2024', 53, 108, '2022-08-19', 'q1', '6006'),
(77, 'Boortmalt - International', 13, 'Paul_s-elec-00001', 1.00, '', '', '2208', 399.03, 400.25, 'Calendar Quarterly', '2023', 53, 107, '2022-09-06', 'q4', '6072'),
(78, 'Boortmalt - International', 13, 'Paul_s-elec-00001', 1.00, '', '', '1435', 162.00, 163.22, 'Calendar Quarterly', '2023', 53, 107, '2023-04-11', 'q4', '6072'),
(79, 'Boortmalt - International', 13, 'Paul_s-elec-00001', 1.00, '', '', '1419', 162.00, 163.22, 'Calendar Quarterly', '2024', 53, 108, '2023-04-11', 'q1', '6006'),
(80, 'Boortmalt - International', 13, 'Paul_s-elec-00001', 1.00, '', '', '744', 432.46, 433.68, 'Calendar Monthly', '2024', 54, 238, '2022-09-06', 'Jan', '2046'),
(81, 'Boortmalt - International', 14, 'Boortmalt-elec-00001', 0.00, '', '70', '12146', 47.00, 47.17, 'Calendar Yearly', '2022', 55, 31, '2021-01-22', '', '17352'),
(82, 'Boortmalt - International', 14, 'Boortmalt-elec-00001', 0.00, '', '30', '5205', 67.15, 67.39, 'Calendar Yearly', '2022', 55, 31, '2021-05-17', '', '17352'),
(83, 'Boortmalt - International', 14, 'Boortmalt-elec-00001', 0.00, '', '35', '6073', 43.70, 43.86, 'Calendar Yearly', '2023', 55, 32, '2021-01-22', '', '17352'),
(84, 'Boortmalt - International', 14, 'Boortmalt-elec-00001', 0.00, '', '10', '1735', 109.17, 109.57, 'Calendar Yearly', '2023', 55, 32, '2022-01-10', '', '17352'),
(85, 'Boortmalt - International', 14, 'Boortmalt-elec-00001', 0.00, '', '10', '1735', 59.35, 56.55, 'Calendar Yearly', '2023', 55, 32, '2021-05-17', '', '17352'),
(86, 'Boortmalt - International', 14, 'Boortmalt-elec-00001', 0.00, '', '10', '1735', 128.72, 129.19, 'Calendar Yearly', '2023', 55, 32, '2022-02-15', '', '17352'),
(87, 'Boortmalt - International', 14, 'Boortmalt-elec-00001', 0.00, '', '10', '433', 265.29, 264.75, 'Calendar Quarterly', '2023', 56, 113, '2022-03-03', 'q1', '4338.06'),
(88, 'Boortmalt - International', 14, 'Boortmalt-elec-00001', 0.00, '', '10', '1735', 181.88, 182.54, 'Calendar Yearly', '2023', 55, 32, '2022-06-23', '', '17352'),
(89, 'Boortmalt - International', 14, 'Boortmalt-elec-00001', 0.00, '', '15', '2602', 183.88, 184.55, 'Calendar Yearly', '2023', 55, 32, '2022-06-27', '', '17352'),
(90, 'Boortmalt - International', 14, 'Boortmalt-elec-00001', 0.00, '', '10', '433', 146.28, 148.07, 'Calendar Quarterly', '2023', 56, 114, '2022-03-03', 'q2', '4338.06'),
(91, 'Boortmalt - International', 14, 'Boortmalt-gas-00002', 0.00, '12,000', '', '12000', 13.48, 13.48, 'Calendar Yearly', '2021', 58, 33, '2020-08-05', '', '78900'),
(92, 'Boortmalt - International', 14, 'Boortmalt-gas-00002', 0.00, '12,000', '', '12000', 13.48, 13.48, 'Calendar Yearly', '2022', 58, 34, '2020-08-05', '', '78900'),
(93, 'Boortmalt - International', 14, 'Boortmalt-gas-00002', 0.00, '12,000', '', '12000', 14.50, 14.50, 'Calendar Yearly', '2021', 58, 33, '2020-12-10', '', '78900'),
(94, 'Boortmalt - International', 14, 'Boortmalt-gas-00002', 0.00, '4,400', '', '4400', 24.10, 24.10, 'Calendar Quarterly', '2021', 59, 119, '2021-05-07', 'q3', '17600'),
(95, 'Boortmalt - International', 14, 'Boortmalt-gas-00002', 0.00, '5,025', '', '5025', 24.95, 24.95, 'Calendar Quarterly', '2021', 59, 120, '2021-05-07', 'q4', '20100'),
(96, 'Boortmalt - International', 14, 'Boortmalt-gas-00002', 0.00, '19,725', '', '19725', 21.10, 21.10, 'Calendar Yearly', '2022', 58, 34, '2021-05-07', '', '78900'),
(97, 'Boortmalt - International', 14, 'Boortmalt-gas-00002', 0.00, '15,418', '', '15418', 34.65, 34.65, 'Calendar Yearly', '2023', 58, 35, '2021-10-26', '', '78900'),
(98, 'Boortmalt - International', 14, 'Boortmalt-gas-00002', 0.00, '3,347', '', '3347', 90.15, 90.15, 'Calendar Monthly', '2021', 60, 276, '2021-10-26', 'Dec', '7200'),
(99, 'Boortmalt - International', 14, 'Boortmalt-gas-00002', 0.00, '5,170', '', '5170', 88.50, 88.50, 'Calendar Quarterly', '2022', 59, 121, '2021-10-26', 'q1', '21300'),
(100, 'Boortmalt - International', 14, 'Boortmalt-gas-00002', 0.00, '2,742', '', '2742', 48.90, 48.90, 'Calendar Quarterly', '2022', 59, 122, '2021-10-26', 'q2', '19900'),
(101, 'Boortmalt - International', 14, 'Boortmalt-gas-00002', 0.00, '2,291', '', '2291', 42.70, 42.70, 'Calendar Quarterly', '2022', 59, 122, '2021-11-11', 'q2', '19900'),
(102, 'Boortmalt - International', 14, 'Boortmalt-gas-00002', 0.00, '2,395', '', '2395', 39.50, 39.50, 'Calendar Quarterly', '2022', 59, 123, '2021-11-11', 'q3', '17600'),
(103, 'Boortmalt - International', 14, 'Boortmalt-gas-00002', 0.00, '4,129', '', '4129', 69.15, 69.15, 'Calendar Quarterly', '2022', 59, 121, '2021-11-11', 'q1', '21300'),
(104, 'Boortmalt - International', 14, 'Boortmalt-gas-00002', 0.00, '2,291', '', '2291', 73.65, 73.65, 'Calendar Quarterly', '2022', 59, 122, '2021-12-16', 'q2', '19900'),
(105, 'Boortmalt - International', 14, 'Boortmalt-gas-00002', 0.00, '2,395', '', '2395', 73.65, 73.65, 'Calendar Quarterly', '2022', 59, 123, '2021-12-16', 'q3', '17600'),
(106, 'Boortmalt - International', 14, 'Boortmalt-gas-00002', 0.00, '3,332', '', '3332', 73.65, 73.65, 'Calendar Quarterly', '2022', 59, 124, '2021-12-16', 'q4', '20100'),
(107, 'Boortmalt - International', 14, 'Boortmalt-gas-00002', 0.00, '2,395', '', '2395', 80.90, 80.90, 'Calendar Quarterly', '2022', 59, 123, '2022-01-10', 'q3', '17600'),
(108, 'Boortmalt - International', 14, 'Boortmalt-gas-00002', 0.00, '3,332', '', '3332', 82.30, 82.30, 'Calendar Quarterly', '2022', 59, 124, '2022-01-10', 'q4', '20100'),
(109, 'Boortmalt - International', 14, 'Boortmalt-gas-00002', 0.00, '7,709', '', '7709', 49.50, 49.50, 'Calendar Yearly', '2023', 58, 35, '2022-01-10', '', '78900'),
(110, 'Boortmalt - International', 14, 'Boortmalt-gas-00002', 0.00, '10,600', '', '10600', 55.75, 55.75, 'Calendar Yearly', '2023', 58, 35, '2022-02-16', '', '78900'),
(111, 'Boortmalt - International', 14, 'Boortmalt-gas-00002', 0.00, '3,332', '', '3332', 55.75, 55.75, 'Calendar Quarterly', '2022', 59, 124, '2022-02-16', 'q4', '20100'),
(112, 'Boortmalt - International', 14, 'Boortmalt-gas-00002', 0.00, '3,300', '', '3300', 103.50, 103.50, 'Calendar Quarterly', '2023', 59, 126, '2022-06-27', 'q2', '19900'),
(113, 'Boortmalt - International', 14, 'Boortmalt-gas-00002', 0.00, '3,300', '', '3300', 103.50, 103.50, 'Calendar Quarterly', '2023', 59, 127, '2022-06-27', 'q3', '17600'),
(114, 'Boortmalt - International', 14, 'Boortmalt-gas-00002', 0.00, '3,300', '', '3300', 103.50, 103.50, 'Calendar Quarterly', '2023', 59, 125, '2022-06-27', 'q1', '21300'),
(115, 'Boortmalt - International', 14, 'Boortmalt-gas-00002', 0.00, '800', '', '800', 173.25, 173.25, 'Calendar Quarterly', '2022', 59, 124, '2022-10-17', 'q4', '20100'),
(116, 'Boortmalt - International', 14, 'Boortmalt-gas-00002', 0.00, '6,300', '', '6300', 108.40, 108.40, 'Calendar Quarterly', '2023', 59, 125, '2022-06-23', 'q1', '21300'),
(117, 'Boortmalt - International', 14, 'Boortmalt-gas-00002', 0.00, '6,300', '', '6300', 108.40, 108.40, 'Calendar Quarterly', '2023', 59, 126, '2022-06-23', 'q2', '19900'),
(118, 'Boortmalt - International', 14, 'Boortmalt-gas-00002', 0.00, '6,300', '', '6300', 108.40, 108.40, 'Calendar Quarterly', '2023', 59, 127, '2022-06-23', 'q3', '17600'),
(119, 'Boortmalt - International', 14, 'Boortmalt-elec-00003', 0.00, '', '40', '6940', 107.31, 106.59, 'Calendar Yearly', '2024', 61, 36, '2023-04-19', '', '17352'),
(120, 'Boortmalt - International', 14, 'Boortmalt-gas-00004', 0.00, '23,669', '', '23669', 59.20, 59.20, 'Calendar Yearly', '2024', 64, 38, '2023-04-05', '', '78899'),
(121, 'AtlasEdge - International', 1, 'Roosevelt-elec-00001', 0.00, '', '50', '4934', 210.00, 211.24, 'Calendar Yearly', '2023', 1, 2, '2022-05-26', '', '9869'),
(122, 'AtlasEdge - International', 1, 'Roosevelt-elec-00001', 0.00, '', '50', '4934', 440.00, 441.50, 'Calendar Yearly', '2023', 1, 2, '2022-08-12', '', '9869'),
(123, 'AtlasEdge - International', 1, 'Roosevelt-elec-00001', 0.00, '', '50', '4934', 228.00, 229.45, 'Calendar Yearly', '2024', 1, 3, '2022-08-09', '', '9869'),
(124, 'AtlasEdge - International', 1, 'Roosevelt-elec-00001', 0.00, '', '50', '4934', 235.00, 236.39, 'Calendar Yearly', '2024', 1, 3, '2022-11-02', '', '9869'),
(125, 'AtlasEdge - International', 1, 'Roosevelt-elec-00002', 1.00, '', '', '4380', 147.00, 155.20, 'Calendar Yearly', '2025', 4, 4, '2023-02-07', '', '9869'),
(126, 'AtlasEdge - International', 4, 'Roosevelt-elec-00006', 0.00, '3,600', '', '3600', 550.00, 550.00, 'Calendar Yearly', '2025', 67, 40, '2022-11-15', '', '7978'),
(127, 'AtlasEdge - International', 4, 'Roosevelt-elec-00007', 0.00, '1,800', '', '1800', 540.00, 540.00, 'Calendar Yearly', '2026', 73, 42, '2022-11-15', '', '7978'),
(128, 'AtlasEdge - International', 19, 'Roosevelt-elec-00001', 0.00, '', '', '917', 140.00, 142.20, 'Calendar Quarterly', '2025', 71, 149, '2023-02-06', 'q2', '1834.56'),
(129, 'AtlasEdge - International', 19, 'Roosevelt-elec-00001', 0.00, '', '', '927', 140.00, 142.20, 'Calendar Quarterly', '2025', 71, 150, '2023-02-06', 'q3', '1854.72'),
(130, 'AtlasEdge - International', 19, 'Roosevelt-elec-00001', 0.00, '', '', '905', 150.00, 152.20, 'Calendar Quarterly', '2025', 71, 151, '2023-02-07', 'q4', '1810.56'),
(131, 'AtlasEdge - International', 19, 'Roosevelt-elec-00001', 0.00, '', '', '885', 150.00, 152.20, 'Calendar Quarterly', '2026', 71, 152, '2023-02-07', 'q1', '1792.8'),
(132, 'Boortmalt - International', 20, 'Standart-gas-00001', 0.00, '', '25', '15918', 14.90, 15.45, 'Calendar Yearly', '2023', 79, 46, '2020-12-14', '', '63672'),
(133, 'Boortmalt - International', 20, 'Standart-gas-00001', 0.00, '', '25', '15918', 15.27, 15.21, 'Calendar Yearly', '2023', 79, 46, '2021-01-07', '', '63672'),
(134, 'Boortmalt - International', 20, 'Standart-gas-00001', 0.00, '', '50', '12524', 118.20, 145.84, 'Calendar Quarterly', '2023', 80, 173, '2022-03-08', 'q1', '25049'),
(135, 'Boortmalt - International', 21, 'Boortmalt-gas-00001', 0.00, '', '10', '35645', 14.60, 14.93, 'Calendar Yearly', '2024', 82, 50, '2020-10-28', '', '356450'),
(136, 'Boortmalt - International', 21, 'Boortmalt-gas-00001', 0.00, '', '10', '35645', 16.36, 16.68, 'Calendar Yearly', '2024', 82, 50, '2021-04-19', '', '356450'),
(137, 'Boortmalt - International', 21, 'Boortmalt-gas-00001', 0.00, '', '10', '35645', 17.26, 17.59, 'Calendar Yearly', '2024', 82, 50, '2021-05-20', '', '356450'),
(138, 'Boortmalt - International', 21, 'Boortmalt-gas-00001', 0.00, '', '10', '35645', 58.83, 59.16, 'Calendar Yearly', '2024', 82, 50, '2023-04-05', '', '356450'),
(139, 'Boortmalt - International', 21, 'Boortmalt-elec-00002', 0.00, '', '25', '6750', 55.79, 57.51, 'Calendar Yearly', '2024', 85, 53, '2021-05-20', '', '27000'),
(140, 'C&A Europe - International', 24, 'C&A-gas-00001', 0.00, '', '10', '983', 214.19, 215.98, 'Calendar Yearly', '2023', 88, 54, '2022-08-31', '', '9837'),
(141, 'C&A Europe - International', 24, 'C&A-gas-00001', 0.00, '', '60', '1455', 248.99, 250.78, 'Calendar Quarterly', '2023', 89, 207, '2022-08-31', 'q1', '2425.56'),
(142, 'C&A Europe - International', 24, 'C&A-gas-00001', 0.00, '', '30', '727', 157.89, 159.68, 'Calendar Quarterly', '2023', 89, 207, '2022-12-01', 'q1', '2425.56'),
(143, 'C&A Europe - International', 24, 'C&A-gas-00001', 0.00, '', '60', '1471', 155.95, 157.74, 'Calendar Quarterly', '2023', 89, 208, '2022-12-01', 'q2', '2452.51'),
(144, 'C&A Europe - International', 24, 'C&A-gas-00001', 0.00, '', '35', '877', 156.15, 157.94, 'Calendar Quarterly', '2023', 89, 209, '2022-12-01', 'q3', '2506.41'),
(145, 'C&A Europe - International', 24, 'C&A-gas-00001', 0.00, '', '20', '490', 156.77, 158.56, 'Calendar Quarterly', '2023', 89, 210, '2022-12-01', 'q4', '2452.51'),
(146, 'C&A Europe - International', 24, 'C&A-gas-00001', 0.00, '', '25', '613', 76.82, 78.61, 'Calendar Quarterly', '2024', 89, 214, '2022-12-01', 'q4', '2452.51'),
(147, 'C&A Europe - International', 24, 'C&A-gas-00001', 0.00, '', '20', '490', 69.45, 71.24, 'Calendar Quarterly', '2023', 89, 208, '2023-01-20', 'q2', '2452.51'),
(148, 'C&A Europe - International', 24, 'C&A-gas-00001', 0.00, '', '20', '490', 59.22, 61.01, 'Calendar Quarterly', '2023', 89, 210, '2023-01-20', 'q4', '2452.51'),
(149, 'C&A Europe - International', 15, 'C&A-elec-00001', 0.00, '', '25', '7085', 44.90, 52.05, 'Calendar Yearly', '2023', 94, 59, '2020-01-30', '', '28343'),
(150, 'C&A Europe - International', 15, 'C&A-elec-00001', 0.00, '', '25', '7085', 43.57, 50.58, 'Calendar Yearly', '2023', 94, 59, '2020-03-02', '', '28343'),
(151, 'C&A Europe - International', 15, 'C&A-elec-00001', 0.00, '', '10', '2834', 387.59, 430.55, 'Calendar Yearly', '2023', 94, 59, '2022-10-06', '', '28343'),
(152, 'C&A Europe - International', 15, 'C&A-elec-00001', 0.00, '', '15', '1062', 509.59, 566.53, 'Calendar Quarterly', '2023', 95, 227, '2022-10-06', 'q1', '7085.76'),
(153, 'C&A Europe - International', 15, 'C&A-elec-00001', 0.00, '', '25', '1771', 472.05, 525.03, 'Calendar Quarterly', '2023', 95, 227, '2022-10-28', 'q1', '7085.76'),
(154, 'C&A Europe - International', 15, 'C&A-elec-00001', 0.00, '', '40', '2834', 158.26, 178.19, 'Calendar Quarterly', '2023', 95, 228, '2023-01-20', 'q2', '7085.76'),
(155, 'C&A Europe - International', 15, 'C&A-elec-00001', 0.00, '', '15', '1062', 164.25, 184.81, 'Calendar Quarterly', '2023', 95, 229, '2023-01-20', 'q3', '7085.76'),
(156, 'C&A Europe - International', 15, 'C&A-elec-00001', 0.00, '', '25', '1771', 118.77, 134.54, 'Calendar Quarterly', '2023', 95, 229, '2023-04-21', 'q3', '7085.76'),
(157, 'C&A Europe - International', 15, 'C&A-elec-00001', 0.00, '', '20', '1417', 152.52, 171.85, 'Calendar Quarterly', '2023', 95, 230, '2023-04-21', 'q4', '7085.76'),
(158, 'Boortmalt - International', 20, 'Standart-gas-00001', 0.00, '', '50', '4627', 88.88, 88.88, 'Calendar Quarterly', '2023', 80, 174, '2022-03-08', 'q2', '9255'),
(159, 'Boortmalt - International', 20, 'Standart-gas-00001', 0.00, '', '50', '4385', 47.10, 47.10, 'Calendar Quarterly', '2023', 80, 175, '2022-03-15', 'q3', '8771'),
(160, 'Boortmalt - International', 20, 'Standart-gas-00001', 0.00, '', '50', '10298', 52.30, 52.30, 'Calendar Quarterly', '2023', 80, 176, '2022-03-15', 'q4', '20597'),
(161, 'AtlasEdge - International', 19, 'Roosevelt-elec-00002', 0.00, '', '', '895', 327.00, 329.20, 'Calendar Quarterly', '2023', 104, 250, '2022-08-08', 'q2', '1812.72'),
(162, 'AtlasEdge - International', 19, 'Roosevelt-elec-00002', 0.00, '', '', '949', 327.00, 329.20, 'Calendar Quarterly', '2023', 104, 251, '2022-08-08', 'q3', '1876.8'),
(163, 'AtlasEdge - International', 19, 'Roosevelt-elec-00002', 1.00, '', '', '1810', 336.00, 338.20, 'Calendar Quarterly', '2023', 104, 252, '2022-08-08', 'q4', '1810.55'),
(164, 'AtlasEdge - International', 19, 'Roosevelt-elec-00002', 0.00, '', '', '917', 166.00, 168.20, 'Calendar Quarterly', '2023', 104, 250, '2022-05-30', 'q2', '1812.72'),
(165, 'AtlasEdge - International', 19, 'Roosevelt-elec-00002', 0.00, '', '', '927', 166.00, 168.20, 'Calendar Quarterly', '2023', 104, 251, '2022-05-30', 'q3', '1876.8'),
(166, 'AtlasEdge - International', 19, 'Roosevelt-elec-00002', 1.00, '', '', '1812', 336.00, 338.20, 'Calendar Quarterly', '2024', 104, 253, '2022-08-08', 'q1', '1792.8'),
(167, 'AtlasEdge - International', 19, 'Roosevelt-elec-00002', 0.00, '', '', '895', 220.00, 222.20, 'Calendar Quarterly', '2024', 104, 254, '2022-10-28', 'q2', '1812.72'),
(168, 'AtlasEdge - International', 19, 'Roosevelt-elec-00002', 0.00, '', '', '949', 220.00, 222.20, 'Calendar Quarterly', '2024', 104, 255, '2022-10-28', 'q3', '1876.8'),
(169, 'AtlasEdge - International', 19, 'Roosevelt-elec-00002', 0.00, '', '', '883', 240.00, 242.20, 'Calendar Quarterly', '2024', 104, 256, '2022-11-23', 'q4', '1810.55'),
(170, 'AtlasEdge - International', 19, 'Roosevelt-elec-00002', 0.00, '', '', '917', 241.00, 243.20, 'Calendar Quarterly', '2024', 104, 254, '2022-08-08', 'q2', '1812.72'),
(171, 'AtlasEdge - International', 19, 'Roosevelt-elec-00002', 0.00, '', '', '927', 241.00, 243.20, 'Calendar Quarterly', '2024', 104, 255, '2022-08-08', 'q3', '1876.8'),
(172, 'AtlasEdge - International', 19, 'Roosevelt-elec-00002', 0.00, '', '', '905', 247.50, 249.70, 'Calendar Quarterly', '2024', 104, 256, '2022-08-08', 'q4', '1810.55'),
(173, 'AtlasEdge - International', 19, 'Roosevelt-elec-00002', 0.00, '', '', '885', 247.50, 249.70, 'Calendar Quarterly', '2025', 104, 257, '2022-08-08', 'q1', '1792.8'),
(174, 'AtlasEdge - International', 19, 'Roosevelt-elec-00002', 0.00, '', '', '907', 240.00, 242.20, 'Calendar Quarterly', '2025', 104, 257, '2022-11-23', 'q1', '1792.8'),
(175, 'AtlasEdge - International', 19, 'Roosevelt-elec-00002', 1.00, '', '', '1876', 199.00, 201.20, 'Calendar Quarterly', '2022', 104, 247, '2022-05-30', 'q3', '1876.8'),
(176, 'AtlasEdge - International', 19, 'Roosevelt-elec-00002', 1.00, '', '', '1810', 575.00, 577.20, 'Calendar Quarterly', '2022', 104, 248, '2022-08-02', 'q4', '1810.55'),
(177, 'AtlasEdge - International', 19, 'Roosevelt-elec-00002', 1.00, '', '', '1792', 581.00, 583.20, 'Calendar Quarterly', '2023', 104, 249, '2022-08-08', 'q1', '1792.8'),
(178, 'Boortmalt - International', 22, 'Boortmalt-elec-00001', 0.00, '', '25', '691', 55.79, 57.51, 'Calendar Yearly', '2024', 109, 71, '2021-05-20', '', '2766'),
(179, 'C&A Europe - International', 24, 'C&A-elec-00002', 0.00, '', '10', '1586', 419.69, 519.56, 'Calendar Yearly', '2023', 115, 75, '2022-08-31', '', '15869'),
(180, 'C&A Europe - International', 24, 'C&A-elec-00002', 0.00, '', '60', '2374', 535.06, 615.42, 'Calendar Quarterly', '2023', 116, 300, '2022-08-31', 'q1', '3957.38'),
(181, 'C&A Europe - International', 24, 'C&A-elec-00002', 0.00, '', '30', '4760', 301.08, 338.97, 'Calendar Yearly', '2023', 115, 75, '2022-11-09', '', '15869'),
(182, 'C&A Europe - International', 24, 'C&A-elec-00002', 0.00, '', '60', '2374', 145.15, 155.40, 'Calendar Quarterly', '2023', 116, 301, '2023-01-20', 'q2', '3958.24'),
(183, 'C&A Europe - International', 24, 'C&A-elec-00002', 0.00, '', '35', '1403', 151.50, 168.17, 'Calendar Quarterly', '2023', 116, 302, '2023-01-20', 'q3', '4010.07'),
(184, 'C&A Europe - International', 24, 'C&A-elec-00002', 0.00, '', '20', '788', 190.47, 215.74, 'Calendar Quarterly', '2023', 116, 303, '2023-01-20', 'q4', '3943.31'),
(185, 'C&A Europe - International', 24, 'C&A-elec-00002', 0.00, '', '25', '1002', 111.96, 114.63, 'Calendar Quarterly', '2023', 116, 302, '2023-04-21', 'q3', '4010.07'),
(186, 'C&A Europe - International', 24, 'C&A-elec-00002', 0.00, '', '20', '788', 143.25, 162.90, 'Calendar Quarterly', '2023', 116, 303, '2023-04-21', 'q4', '3943.31'),
(187, 'C&A Europe - International', 15, 'C&A-gas-00002', 0.00, '4,720', '', '4720', 15.80, 17.81, 'Calendar Yearly', '2023', 97, 62, '2020-01-28', '', '18880'),
(188, 'C&A Europe - International', 15, 'C&A-gas-00002', 0.00, '4,720', '', '4720', 16.15, 18.16, 'Calendar Yearly', '2023', 97, 62, '2020-02-27', '', '18880'),
(189, 'C&A Europe - International', 15, 'C&A-gas-00002', 0.00, '9,440', '', '9440', 17.84, 19.85, 'Calendar Yearly', '2023', 97, 62, '2021-01-12', '', '18880'),
(190, 'C&A Europe - International', 26, 'C&A-elec-00001', 4000.00, '', '', '35040000', 48.19, 56.84, 'Calendar Yearly', '2023', 118, 80, '2019-02-28', '', '78900'),
(191, 'C&A Europe - International', 26, 'C&A-elec-00001', 4000.00, '', '', '35040000', 47.80, 56.05, 'Calendar Yearly', '2023', 118, 80, '2019-03-28', '', '78900'),
(192, 'C&A Europe - International', 26, 'C&A-elec-00001', 4000.00, '', '', '35040000', 48.92, 57.33, 'Calendar Yearly', '2023', 118, 80, '2019-04-04', '', '78900'),
(193, 'C&A Europe - International', 26, 'C&A-elec-00001', 4000.00, '', '', '35040000', 49.23, 57.44, 'Calendar Yearly', '2023', 118, 80, '2019-05-09', '', '78900'),
(194, 'C&A Europe - International', 26, 'C&A-elec-00001', 4000.00, '', '', '35040000', 52.27, 59.63, 'Calendar Yearly', '2023', 118, 80, '2019-07-09', '', '78900'),
(195, 'C&A Europe - International', 26, 'C&A-elec-00001', 4000.00, '', '', '35040000', 53.95, 61.35, 'Calendar Yearly', '2023', 118, 80, '2019-07-12', '', '78900'),
(196, 'C&A Europe - International', 26, 'C&A-elec-00001', 4000.00, '', '', '35040000', 51.55, 59.16, 'Calendar Yearly', '2023', 118, 80, '2019-07-17', '', '78900'),
(197, 'C&A Europe - International', 26, 'C&A-elec-00001', 4000.00, '', '', '35040000', 47.52, 54.35, 'Calendar Yearly', '2023', 118, 80, '2020-02-13', '', '78900'),
(198, 'Boortmalt - International', 21, 'Boortmalt-elec-00003', 0.00, '', '25', '6750', 55.79, 57.51, 'Calendar Yearly', '2024', 106, 68, '2021-05-20', '', '27000'),
(199, 'C&A Europe - International', 26, 'C&A-elec-00002', 0.00, '4,000', '', '4000', 48.19, 56.84, 'Calendar Yearly', '2023', 128, 87, '2019-02-28', '', '160000'),
(200, 'C&A Europe - International', 26, 'C&A-elec-00002', 0.00, '4,000', '', '4000', 47.80, 56.05, 'Calendar Yearly', '2023', 128, 87, '2019-03-28', '', '160000'),
(201, 'C&A Europe - International', 26, 'C&A-elec-00002', 0.00, '4,000', '', '4000', 48.92, 57.33, 'Calendar Yearly', '2023', 128, 87, '2019-04-04', '', '160000'),
(202, 'C&A Europe - International', 26, 'C&A-elec-00002', 0.00, '4,000', '', '4000', 49.23, 57.44, 'Calendar Yearly', '2023', 128, 87, '2019-05-09', '', '160000'),
(203, 'C&A Europe - International', 26, 'C&A-elec-00002', 0.00, '4,000', '', '4000', 52.27, 59.63, 'Calendar Yearly', '2023', 128, 87, '2019-07-09', '', '160000'),
(204, 'C&A Europe - International', 26, 'C&A-elec-00002', 0.00, '4,000', '', '4000', 53.95, 61.35, 'Calendar Yearly', '2023', 128, 87, '2019-07-12', '', '160000'),
(205, 'C&A Europe - International', 26, 'C&A-elec-00002', 0.00, '4,000', '', '4000', 51.55, 59.16, 'Calendar Yearly', '2023', 128, 87, '2019-10-17', '', '160000'),
(206, 'C&A Europe - International', 26, 'C&A-elec-00002', 0.00, '4,000', '', '4000', 47.52, 54.35, 'Calendar Yearly', '2023', 128, 87, '2020-02-13', '', '160000'),
(207, 'C&A Europe - International', 26, 'C&A-elec-00002', 0.00, '4,000', '', '4000', 44.90, 52.31, 'Calendar Yearly', '2023', 128, 87, '2020-04-07', '', '160000'),
(208, 'C&A Europe - International', 26, 'C&A-elec-00002', 0.00, '8,000', '', '8000', 43.20, 50.87, 'Calendar Yearly', '2023', 128, 87, '2020-05-20', '', '160000'),
(209, 'C&A Europe - International', 26, 'C&A-elec-00002', 0.00, '4,000', '', '4000', 44.86, 52.44, 'Calendar Yearly', '2023', 128, 87, '2020-06-05', '', '160000'),
(210, 'C&A Europe - International', 26, 'C&A-elec-00002', 0.00, '16,000', '', '16000', 46.90, 54.37, 'Calendar Yearly', '2023', 128, 87, '2020-07-01', '', '160000'),
(211, 'C&A Europe - International', 26, 'C&A-elec-00002', 0.00, '4,000', '', '4000', 51.30, 58.14, 'Calendar Yearly', '2023', 128, 87, '2021-01-08', '', '160000'),
(212, 'C&A Europe - International', 26, 'C&A-elec-00002', 0.00, '4,000', '', '4000', 49.66, 56.69, 'Calendar Yearly', '2023', 128, 87, '2021-01-21', '', '160000'),
(213, 'C&A Europe - International', 26, 'C&A-elec-00002', 0.00, '10,000', '', '10000', 57.10, 63.94, 'Calendar Yearly', '2023', 128, 87, '2021-04-07', '', '160000'),
(214, 'C&A Europe - International', 26, 'C&A-elec-00002', 0.00, '3,000', '', '3000', 64.25, 71.92, 'Calendar Yearly', '2023', 128, 87, '2021-07-27', '', '160000'),
(215, 'C&A Europe - International', 26, 'C&A-elec-00002', 0.00, '46,000', '', '46000', 168.00, 191.81, 'Calendar Yearly', '2023', 128, 87, '2022-03-02', '', '160000'),
(216, 'C&A Europe - International', 16, 'C&A-elec-00003', 0.00, '', '100', '852', 1268.00, 1326.33, 'Calendar Quarterly', '2023', 138, 366, '2022-12-12', 'q1', '852.24'),
(217, 'C&A Europe - International', 16, 'C&A-elec-00003', 0.00, '', '35', '331', 990.00, 1035.54, 'Calendar Quarterly', '2023', 138, 367, '2022-12-13', 'q2', '947.78'),
(218, 'C&A Europe - International', 16, 'C&A-elec-00003', 0.00, '', '65', '616', 675.00, 706.05, 'Calendar Quarterly', '2023', 138, 367, '2023-01-24', 'q2', '947.78'),
(219, 'C&A Europe - International', 16, 'C&A-elec-00003', 0.00, '', '50', '509', 780.00, 815.88, 'Calendar Quarterly', '2023', 138, 368, '2023-02-06', 'q3', '1019.83'),
(220, 'C&A Europe - International', 16, 'C&A-elec-00003', 0.00, '', '20', '203', 767.00, 802.28, 'Calendar Quarterly', '2023', 138, 368, '2023-02-22', 'q3', '1019.83'),
(221, 'C&A Europe - International', 16, 'C&A-elec-00003', 0.00, '', '30', '305', 561.00, 586.81, 'Calendar Quarterly', '2023', 138, 368, '2023-04-21', 'q3', '1019.83'),
(222, 'C&A Europe - International', 16, 'C&A-elec-00003', 0.00, '', '50', '445', 793.50, 830.00, 'Calendar Quarterly', '2023', 138, 369, '2023-02-06', 'q4', '890.15'),
(223, 'C&A Europe - International', 16, 'C&A-elec-00003', 0.00, '', '30', '267', 591.00, 618.19, 'Calendar Quarterly', '2023', 138, 369, '2023-04-21', 'q4', '890.15'),
(224, 'AtlasEdge - International', 19, 'Roosevelt-elec-00003', 0.41, '', '', '895', 327.00, 329.20, 'Calendar Quarterly', '2023', 144, 381, '2022-08-08', 'q2', '1812.72'),
(225, 'AtlasEdge - International', 19, 'Roosevelt-elec-00003', 0.43, '', '', '949', 327.00, 329.00, 'Calendar Quarterly', '2023', 144, 382, '2022-08-08', 'q3', '1876.8'),
(226, 'AtlasEdge - International', 19, 'Roosevelt-elec-00003', 0.82, '', '', '1810', 336.00, 338.20, 'Calendar Quarterly', '2023', 144, 383, '2022-08-08', 'q4', '1810.55'),
(227, 'AtlasEdge - International', 19, 'Roosevelt-elec-00003', 0.42, '', '', '917', 166.00, 168.20, 'Calendar Quarterly', '2023', 144, 381, '2022-05-30', 'q2', '1812.72'),
(228, 'AtlasEdge - International', 19, 'Roosevelt-elec-00003', 0.42, '', '', '917', 166.00, 168.20, 'Calendar Quarterly', '2023', 144, 381, '2022-05-30', 'q2', '1812.72'),
(229, 'AtlasEdge - International', 19, 'Roosevelt-elec-00003', 0.42, '', '', '927', 166.00, 168.20, 'Calendar Quarterly', '2023', 144, 382, '2022-05-30', 'q3', '1876.8'),
(230, 'AtlasEdge - International', 19, 'Roosevelt-elec-00003', 0.83, '', '', '1812', 336.00, 338.20, 'Calendar Quarterly', '2024', 144, 384, '2022-08-08', 'q1', '1792.8'),
(231, 'AtlasEdge - International', 19, 'Roosevelt-elec-00003', 0.41, '', '', '895', 220.00, 222.20, 'Calendar Quarterly', '2024', 144, 385, '2022-10-28', 'q2', '1812.72'),
(232, 'AtlasEdge - International', 19, 'Roosevelt-elec-00003', 0.43, '', '', '949', 220.00, 222.20, 'Calendar Quarterly', '2024', 144, 386, '2022-10-28', 'q3', '1876.8'),
(233, 'AtlasEdge - International', 19, 'Roosevelt-elec-00003', 0.40, '', '', '883', 240.00, 242.20, 'Calendar Quarterly', '2024', 144, 387, '2022-11-23', 'q4', '1810.55'),
(234, 'AtlasEdge - International', 19, 'Roosevelt-elec-00003', 0.42, '', '', '917', 241.00, 243.20, 'Calendar Quarterly', '2024', 144, 385, '2022-08-08', 'q2', '1812.72'),
(235, 'AtlasEdge - International', 19, 'Roosevelt-elec-00003', 0.42, '', '', '927', 241.00, 243.20, 'Calendar Quarterly', '2024', 144, 386, '2022-08-08', 'q3', '1876.8'),
(236, 'AtlasEdge - International', 19, 'Roosevelt-elec-00003', 0.41, '', '', '905', 247.50, 249.70, 'Calendar Quarterly', '2024', 144, 387, '2022-08-08', 'q4', '1810.55'),
(237, 'AtlasEdge - International', 19, 'Roosevelt-elec-00003', 0.41, '', '', '885', 247.50, 249.70, 'Calendar Quarterly', '2025', 144, 388, '2022-08-08', 'q1', '1792.8'),
(238, 'AtlasEdge - International', 19, 'Roosevelt-elec-00003', 0.42, '', '', '907', 240.00, 242.20, 'Calendar Quarterly', '2025', 144, 388, '2022-11-23', 'q1', '1792.8'),
(239, 'AtlasEdge - International', 19, 'Roosevelt-elec-00003', 0.85, '', '', '1876', 199.00, 201.20, 'Calendar Quarterly', '2022', 144, 378, '2022-05-30', 'q3', '1876.8'),
(240, 'AtlasEdge - International', 19, 'Roosevelt-elec-00003', 0.82, '', '', '1810', 575.00, 577.20, 'Calendar Quarterly', '2022', 144, 379, '2022-08-02', 'q4', '1810.55'),
(241, 'AtlasEdge - International', 19, 'Roosevelt-elec-00003', 0.83, '', '', '1792', 581.00, 583.20, 'Calendar Quarterly', '2023', 144, 380, '2022-08-08', 'q1', '1792.8'),
(242, 'AtlasEdge - International', 19, 'Roosevelt-elec-00004', 0.42, '', '', '917', 140.00, 142.20, 'Calendar Quarterly', '2025', 147, 389, '2023-02-06', 'q2', '1834.56'),
(243, 'AtlasEdge - International', 19, 'Roosevelt-elec-00004', 0.42, '', '', '927', 140.00, 142.20, 'Calendar Quarterly', '2025', 147, 390, '2023-02-06', 'q3', '1854.72'),
(244, 'AtlasEdge - International', 19, 'Roosevelt-elec-00004', 0.41, '', '', '905', 150.00, 152.20, 'Calendar Quarterly', '2025', 147, 391, '2023-02-07', 'q4', '1810.56'),
(245, 'AtlasEdge - International', 19, 'Roosevelt-elec-00004', 0.41, '', '', '885', 150.00, 152.20, 'Calendar Quarterly', '2026', 147, 392, '2023-02-07', 'q1', '1792.8'),
(246, 'Boortmalt - International', 13, 'Paul_s-elec-00002', 0.15, '', '', '108', 89.50, 90.72, 'Calendar Monthly', '2023', 154, 1114, '2023-05-09', 'Jun', '1980'),
(247, 'Boortmalt - International', 13, 'Paul_s-elec-00002', 0.50, '', '', '1092', 82.25, 83.47, 'Calendar Quarterly', '2023', 153, 401, '2021-10-13', 'q2', '6006'),
(248, 'Boortmalt - International', 13, 'Paul_s-elec-00002', 0.50, '', '', '1104', 82.25, 83.47, 'Calendar Quarterly', '2023', 153, 402, '2021-10-13', 'q3', '6072'),
(249, 'Boortmalt - International', 13, 'Paul_s-elec-00002', 0.30, '', '', '655', 87.60, 88.82, 'Calendar Quarterly', '2023', 153, 401, '2021-11-30', 'q2', '6006'),
(250, 'Boortmalt - International', 13, 'Paul_s-elec-00002', 0.30, '', '', '662', 87.60, 88.82, 'Calendar Quarterly', '2023', 153, 402, '2021-11-30', 'q3', '6072'),
(251, 'Boortmalt - International', 13, 'Paul_s-elec-00002', 0.10, '', '', '218', 343.00, 344.22, 'Calendar Quarterly', '2023', 153, 401, '2022-08-10', 'q2', '6006'),
(252, 'Boortmalt - International', 13, 'Paul_s-elec-00002', 0.10, '', '', '220', 343.00, 344.20, 'Calendar Quarterly', '2023', 153, 402, '2022-08-10', 'q3', '6072'),
(253, 'Boortmalt - International', 13, 'Paul_s-elec-00002', 0.40, '', '', '873', 408.00, 409.22, 'Calendar Quarterly', '2023', 153, 401, '2022-08-16', 'q2', '6006'),
(254, 'Boortmalt - International', 13, 'Paul_s-elec-00002', 0.40, '', '', '883', 408.00, 409.22, 'Calendar Quarterly', '2023', 153, 402, '2022-08-16', 'q3', '6072'),
(255, 'Boortmalt - International', 13, 'Paul_s-elec-00002', 0.30, '', '', '655', 450.00, 451.22, 'Calendar Quarterly', '2023', 153, 401, '2022-08-19', 'q2', '6006'),
(256, 'Boortmalt - International', 13, 'Paul_s-elec-00002', 0.30, '', '', '662', 450.00, 451.22, 'Calendar Quarterly', '2023', 153, 402, '2022-08-19', 'q3', '6072'),
(257, 'Boortmalt - International', 13, 'Paul_s-elec-00002', 1.00, '', '', '2184', 385.00, 386.22, 'Calendar Quarterly', '2023', 153, 401, '2022-09-06', 'q2', '6006'),
(258, 'Boortmalt - International', 13, 'Paul_s-elec-00002', 1.00, '', '', '2208', 385.00, 386.22, 'Calendar Quarterly', '2023', 153, 402, '2022-09-06', 'q3', '6072'),
(259, 'Boortmalt - International', 13, 'Paul_s-elec-00002', 0.15, '', '', '331', 120.30, 121.52, 'Calendar Quarterly', '2023', 153, 402, '2023-04-11', 'q3', '6072'),
(260, 'Boortmalt - International', 13, 'Paul_s-elec-00002', 0.15, '', '', '108', 103.42, 104.64, 'Calendar Monthly', '2023', 154, 1112, '2023-04-30', 'Apr', '1980'),
(261, 'Boortmalt - International', 13, 'Paul_s-elec-00002', 0.15, '', '', '108', 89.50, 90.72, 'Calendar Monthly', '2023', 154, 1114, '2023-05-09', 'Jun', '1980'),
(262, 'Boortmalt - International', 13, 'Paul_s-elec-00002', 0.50, '', '', '1104', 88.27, 89.49, 'Calendar Quarterly', '2023', 153, 403, '2021-10-13', 'q4', '6072'),
(263, 'Boortmalt - International', 13, 'Paul_s-elec-00002', 0.50, '', '', '1092', 88.27, 89.49, 'Calendar Quarterly', '2024', 153, 404, '2021-10-13', 'q1', '6006'),
(264, 'Boortmalt - International', 13, 'Paul_s-elec-00002', 0.10, '', '', '220', 353.00, 354.22, 'Calendar Quarterly', '2023', 153, 403, '2022-08-10', 'q4', '6072'),
(265, 'Boortmalt - International', 13, 'Paul_s-elec-00002', 0.10, '', '', '218', 353.00, 354.22, 'Calendar Quarterly', '2024', 153, 404, '2022-08-10', 'q1', '6006'),
(266, 'Boortmalt - International', 13, 'Paul_s-elec-00002', 0.30, '', '', '662', 425.00, 426.22, 'Calendar Quarterly', '2023', 153, 403, '2022-08-16', 'q4', '6072'),
(267, 'Boortmalt - International', 13, 'Paul_s-elec-00002', 0.30, '', '', '655', 425.00, 426.22, 'Calendar Quarterly', '2024', 153, 404, '2022-08-16', 'q1', '6006'),
(268, 'Boortmalt - International', 13, 'Paul_s-elec-00002', 0.20, '', '', '441', 475.00, 476.22, 'Calendar Quarterly', '2023', 153, 403, '2022-08-19', 'q4', '6072'),
(269, 'Boortmalt - International', 13, 'Paul_s-elec-00002', 0.20, '', '', '436', 475.00, 476.22, 'Calendar Quarterly', '2024', 153, 404, '2022-08-19', 'q1', '6006'),
(270, 'Boortmalt - International', 13, 'Paul_s-elec-00002', 1.00, '', '', '2208', 399.03, 400.25, 'Calendar Quarterly', '2023', 153, 403, '2022-09-06', 'q4', '6072'),
(271, 'Boortmalt - International', 13, 'Paul_s-elec-00002', 0.65, '', '', '1435', 162.00, 163.22, 'Calendar Quarterly', '2023', 153, 403, '2023-04-11', 'q4', '6072'),
(272, 'Boortmalt - International', 13, 'Paul_s-elec-00002', 0.65, '', '', '1419', 162.00, 163.22, 'Calendar Quarterly', '2024', 153, 404, '2023-04-11', 'q1', '6006'),
(273, 'Boortmalt - International', 13, 'Paul_s-elec-00002', 1.00, '', '', '744', 432.46, 433.68, 'Calendar Monthly', '2024', 154, 1121, '2022-09-06', 'Jan', '2046'),
(274, 'C&A Europe - International', 33, 'C&A-elec-00001', 0.85, '', '', '612', 112.00, 118.10, 'Calendar Monthly', '2023', 160, 1151, '2023-03-02', 'Apr', '1952'),
(275, 'C&A Europe - International', 33, 'C&A-elec-00001', 1.81, '', '', '3909', 159.00, 170.50, 'Calendar Quarterly', '2023', 159, 413, '2022-12-27', 'q1', '6516'),
(276, 'C&A Europe - International', 33, 'C&A-elec-00001', 0.70, '', '', '1528', 176.15, 184.30, 'Calendar Quarterly', '2023', 159, 414, '2022-12-28', 'q2', '6672'),
(277, 'C&A Europe - International', 33, 'C&A-elec-00001', 1.27, '', '', '944', 154.90, 168.90, 'Calendar Monthly', '2023', 160, 1148, '2022-12-28', 'Jan', '2407'),
(278, 'C&A Europe - International', 33, 'C&A-elec-00001', 1.02, '', '', '685', 119.00, 125.60, 'Calendar Monthly', '2023', 160, 1149, '2023-01-25', 'Feb', '2008'),
(279, 'C&A Europe - International', 33, 'C&A-elec-00001', 0.42, '', '', '312', 119.75, 127.70, 'Calendar Monthly', '2023', 160, 1150, '2023-01-25', 'Mar', '2101'),
(280, 'C&A Europe - International', 33, 'C&A-elec-00001', 1.94, '', '', '4283', 144.80, 151.30, 'Calendar Quarterly', '2023', 159, 415, '2023-01-25', 'q3', '8590'),
(281, 'C&A Europe - International', 33, 'C&A-elec-00001', 1.47, '', '', '3245', 151.00, 160.80, 'Calendar Quarterly', '2023', 159, 416, '2023-01-25', 'q4', '6506'),
(282, 'C&A Europe - International', 33, 'C&A-elec-00001', 0.48, '', '', '357', 115.50, 123.20, 'Calendar Monthly', '2023', 160, 1150, '2023-02-28', 'Mar', '2101'),
(283, 'C&A Europe - International', 33, 'C&A-elec-00001', 1.19, '', '', '856', 137.25, 142.90, 'Calendar Monthly', '2023', 160, 1153, '2023-02-28', 'Jun', '2486'),
(284, 'C&A Europe - International', 33, 'C&A-elec-00001', 1.00, '', '', '744', 125.00, 130.60, 'Calendar Monthly', '2023', 160, 1152, '2023-03-02', 'May', '2234'),
(285, 'C&A Europe - International', 33, 'C&A-elec-00001', 0.60, '', '', '1310', 109.00, 114.90, 'Calendar Quarterly', '2023', 159, 414, '2023-03-29', 'q2', '6672'),
(286, 'Boortmalt - International', 32, 'Boortmalt-elec-00001', 0.00, '2,635', '', '2635', 173.00, 173.00, 'Calendar Yearly', '2024', 155, 99, '2023-04-19', '', '3689'),
(287, 'C&A Europe - International', 33, 'C&A-elec-00001', 1.13, '', '', '2495', 133.00, 139.00, 'Calendar Quarterly', '2023', 159, 415, '2023-04-04', 'q3', '8590'),
(288, 'C&A Europe - International', 33, 'C&A-elec-00001', 0.92, '', '', '684', 123.50, 128.90, 'Calendar Monthly', '2023', 160, 1154, '2023-04-26', 'July', '3075'),
(289, 'C&A Europe - International', 33, 'C&A-elec-00001', 0.80, '', '', '595', 123.50, 128.40, 'Calendar Monthly', '2023', 160, 1155, '2023-04-26', 'Aug', '2992'),
(290, 'C&A Europe - International', 33, 'C&A-elec-00001', 0.85, '', '', '1876', 133.00, 160.80, 'Calendar Quarterly', '2023', 159, 416, '2023-05-04', 'q4', '6506'),
(291, 'Boortmalt - International', 32, 'Boortmalt-elec-00002', 0.00, '2,635', '', '2635', 173.00, 173.00, 'Calendar Yearly', '2024', 161, 102, '2023-04-19', '', '3689'),
(292, 'C&A Europe - International', 33, 'C&A-elec-00002', 0.86, '', '', '7554', 94.20, 99.48, 'Calendar Yearly', '2024', 164, 104, '2023-06-29', '', '25040'),
(293, 'C&A Europe - International', 33, 'C&A-elec-00002', 0.95, '', '', '2074', 113.00, 121.15, 'Calendar Quarterly', '2024', 165, 425, '2023-06-29', 'q1', '5919'),
(294, 'C&A Europe - International', 34, 'C-elec-00001', 0.00, '', '40', '637', 157.25, 163.85, 'Calendar Quarterly', '2023', 168, 433, '2022-12-22', 'q1', '1594'),
(295, 'C&A Europe - International', 34, 'C-elec-00001', 0.00, '', '60', '956', 160.00, 166.72, 'Calendar Quarterly', '2023', 168, 433, '2022-12-21', 'q1', '1594'),
(296, 'C&A Europe - International', 34, 'C-elec-00001', 0.00, '', '35', '585', 182.48, 185.52, 'Calendar Quarterly', '2023', 168, 434, '2022-12-21', 'q2', '1674'),
(297, 'C&A Europe - International', 34, 'C-elec-00001', 0.00, '', '15', '251', 123.50, 125.55, 'Calendar Quarterly', '2023', 168, 434, '2023-01-25', 'q2', '1674'),
(298, 'C&A Europe - International', 34, 'C-elec-00001', 0.00, '', '50', '1029', 140.55, 141.86, 'Calendar Quarterly', '2023', 168, 435, '2023-01-25', 'q3', '2059'),
(299, 'C&A Europe - International', 34, 'C-elec-00001', 0.00, '', '50', '867', 147.50, 157.16, 'Calendar Quarterly', '2023', 168, 436, '2023-01-25', 'q4', '1735'),
(300, 'C&A Europe - International', 34, 'C-elec-00001', 0.00, '', '20', '334', 111.00, 112.85, 'Calendar Quarterly', '2023', 168, 434, '2023-03-28', 'q2', '1674'),
(301, 'C&A Europe - International', 34, 'C-elec-00001', 0.00, '', '30', '617', 122.65, 123.80, 'Calendar Quarterly', '2023', 168, 435, '2023-03-28', 'q3', '2059'),
(302, 'C&A Europe - International', 34, 'C-elec-00001', 0.00, '', '30', '502', 119.80, 121.79, 'Calendar Quarterly', '2023', 168, 434, '2023-02-22', 'q2', '1674'),
(303, 'C&A Europe - International', 34, 'C-elec-00001', 0.00, '', '20', '411', 123.75, 124.91, 'Calendar Quarterly', '2023', 168, 435, '2023-04-21', 'q3', '2059'),
(304, 'C&A Europe - International', 34, 'C-elec-00001', 0.00, '', '30', '520', 125.75, 133.99, 'Calendar Quarterly', '2023', 168, 436, '2023-04-21', 'q4', '1735'),
(305, 'C&A Europe - International', 34, 'C&A-elec-00002', 0.00, '', '25', '1939', 94.76, 99.60, 'Calendar Yearly', '2024', 170, 107, '2023-06-23', '', '7756'),
(306, 'C&A Europe - International', 34, 'C&A-elec-00002', 0.00, '', '25', '441', 114.60, 119.41, 'Calendar Quarterly', '2024', 171, 437, '2023-06-23', 'q1', '1767');

-- --------------------------------------------------------

--
-- Table structure for table `nususerdata`
--

CREATE TABLE `nususerdata` (
  `id` int NOT NULL,
  `role` varchar(20) CHARACTER SET utf8mb4 COLLATE utf8mb4_general_ci NOT NULL,
  `username` varchar(100) CHARACTER SET utf8mb4 COLLATE utf8mb4_general_ci NOT NULL,
  `emailId` varchar(100) CHARACTER SET utf8mb4 COLLATE utf8mb4_general_ci NOT NULL,
  `accountstatus` varchar(10) CHARACTER SET utf8mb4 COLLATE utf8mb4_general_ci NOT NULL,
  `password` varchar(100) CHARACTER SET utf8mb4 COLLATE utf8mb4_general_ci DEFAULT NULL,
  `parentcompany` varchar(100) CHARACTER SET utf8mb4 COLLATE utf8mb4_general_ci DEFAULT NULL,
  `bussinessunit` varchar(255) CHARACTER SET utf8mb4 COLLATE utf8mb4_general_ci DEFAULT NULL,
  `active` enum('Active','Inactive') CHARACTER SET utf8mb4 COLLATE utf8mb4_general_ci NOT NULL,
  `created_time` datetime NOT NULL DEFAULT CURRENT_TIMESTAMP
) ENGINE=InnoDB DEFAULT CHARSET=utf8mb4 COLLATE=utf8mb4_general_ci;

--
-- Dumping data for table `nususerdata`
--

INSERT INTO `nususerdata` (`id`, `role`, `username`, `emailId`, `accountstatus`, `password`, `parentcompany`, `bussinessunit`, `active`, `created_time`) VALUES
(1, 'Admin', 'NUSADMIN', 'admin1@nusconsulting.com', 'Confirmed', '$argon2i$v=19$m=65536,t=4,p=1$UEV1MmpoNS81WFJaVU84Ng$mo9zQ5+4pNLX20z8MN3modgRFl88XRjNazpQsM4EPWE', '', '', 'Active', '2023-06-30 03:28:02'),
(2, 'Admin', 'gary soultanian', 'gsoultanian@nusconsulting.com', 'Confirmed', '$argon2i$v=19$m=65536,t=4,p=1$V0F1bVVIVnk1TllGWVd2Ug$036XfqzJPiPHDdihYicFX3aicZmiiG81ydaw8L3wcSE', '', '', 'Active', '2023-06-30 03:28:02'),
(3, 'Admin', 'mjimenez', 'mjimenez@nusconsulting.es', 'Confirmed', '$argon2i$v=19$m=65536,t=4,p=1$MDYzR0pNdkJJOU9Mei4wcw$ie3FlF7Z0H2CyRfnThMvus7c/kDjx++thUD1oK1FMPQ', '', '', 'Active', '2023-06-30 03:28:02'),
(4, 'Admin', 'vfernandez', 'vfernandez@nusconsulting.es', 'Confirmed', '$argon2i$v=19$m=65536,t=4,p=1$RWZDS0hBOHludm45WE9QNQ$S6mHFMKpBB/v/ELfPMKzmkSs2VTS3Qs3VkESgDMmI3s', '', '', 'Active', '2023-06-30 03:28:02'),
(5, 'Admin', 'rsoultanian', 'rsoultanian@nusconsulting.com', 'Confirmed', '$argon2i$v=19$m=65536,t=4,p=1$YlNHSkRreHZZZVJQcnBvRw$NkYs0cJ9404AQbfda3zpfAVRas4posQB+k445XkkIlo', '', '', 'Active', '2023-06-30 03:28:02'),
(6, 'NUS User', 'sturner', 'sturner@nusconsulting.co.uk', 'Confirmed', '$argon2i$v=19$m=65536,t=4,p=1$cFFQR0JqVk5Wa3IvV3BqWQ$Zj5OXdjw9c5gmc0Tg7YPd8FV3ZBXVCiYu0UoXeUb85I', '1 5 6 ', '', 'Active', '2023-06-30 03:28:02'),
(7, 'NUS User', 'jdurden', 'jdurden@nusconsulting.co.uk', 'Confirmed', '$argon2i$v=19$m=65536,t=4,p=1$ZzRhVlQ2Q3dkRXBEODVRdg$STo6ynSxPs5xM0xA8kbtENGxikUrj0E0YjEfgvf5aEw', '1 5 6 ', '', 'Active', '2023-06-30 03:28:02'),
(8, 'NUS User', 'evelazquez', 'evelazquez@nusconsulting.es', 'Confirmed', '$argon2i$v=19$m=65536,t=4,p=1$bWV0ajBSSldyVUJmSzloTw$fCjUBDsDLz0PY5lCU/cy3sWwHJltt7SVl/wG8CRod6w', '1 5 6 ', '', 'Active', '2023-06-30 07:35:03'),
(9, 'Parent company', 'mjimenezfernandez', 'mjimenezfernandez@gmail.com', 'Confirmed', '$argon2i$v=19$m=65536,t=4,p=1$ZFJlUXV4bUtETGt0SER6dQ$7+HzWEyIJVE52meUa0O/I+YT6zjvVYeU48YwvR/XKwE', '1', '', 'Active', '2023-06-30 10:31:18'),
(10, 'NUS User', 'lrepasi', 'l.repasi@nusconsulting.it', 'Confirmed', '$argon2i$v=19$m=65536,t=4,p=1$ajNIN2I1V0I0R203LkhWSA$hmoVrEuEh3JzELalzAcoJB2hDa09m4L6pl3JhDLPUao', '1 5 6 ', '', 'Active', '2023-06-30 03:28:02');

-- --------------------------------------------------------

--
-- Table structure for table `nus_calendermonth`
--

CREATE TABLE `nus_calendermonth` (
  `monthId` int NOT NULL,
  `month` varchar(20) COLLATE utf8mb4_general_ci NOT NULL,
  `clicks` int NOT NULL,
  `TradeId` int NOT NULL,
  `supplierId` int NOT NULL,
  `year` int NOT NULL
) ENGINE=InnoDB DEFAULT CHARSET=utf8mb4 COLLATE=utf8mb4_general_ci;

--
-- Dumping data for table `nus_calendermonth`
--

INSERT INTO `nus_calendermonth` (`monthId`, `month`, `clicks`, `TradeId`, `supplierId`, `year`) VALUES
(1, 'Jan', 2, 3, 1, 2022),
(2, 'Feb', 2, 3, 1, 2022),
(3, 'Mar', 2, 3, 1, 2022),
(4, 'Apr', 2, 3, 1, 2022),
(5, 'May', 2, 3, 1, 2022),
(6, 'Jun', 2, 3, 1, 2022),
(7, 'July', 2, 3, 1, 2022),
(8, 'Aug', 2, 3, 1, 2022),
(9, 'Sep', 2, 3, 1, 2022),
(10, 'Oct', 2, 3, 1, 2022),
(11, 'Nov', 2, 3, 1, 2022),
(12, 'Dec', 2, 3, 1, 2022),
(13, 'Jan', 2, 3, 1, 2023),
(14, 'Feb', 2, 3, 1, 2023),
(15, 'Mar', 2, 3, 1, 2023),
(16, 'Apr', 2, 3, 1, 2023),
(17, 'May', 2, 3, 1, 2023),
(18, 'Jun', 2, 3, 1, 2023),
(19, 'July', 2, 3, 1, 2023),
(20, 'Aug', 2, 3, 1, 2023),
(21, 'Sep', 2, 3, 1, 2023),
(22, 'Oct', 2, 3, 1, 2023),
(23, 'Nov', 2, 3, 1, 2023),
(24, 'Dec', 2, 3, 1, 2023),
(25, 'Jan', 2, 3, 1, 2024),
(26, 'Feb', 2, 3, 1, 2024),
(27, 'Mar', 2, 3, 1, 2024),
(28, 'Apr', 2, 3, 1, 2024),
(29, 'May', 2, 3, 1, 2024),
(30, 'Jun', 2, 3, 1, 2024),
(31, 'July', 2, 3, 1, 2024),
(32, 'Aug', 2, 3, 1, 2024),
(33, 'Sep', 2, 3, 1, 2024),
(34, 'Oct', 2, 3, 1, 2024),
(35, 'Nov', 2, 3, 1, 2024),
(36, 'Dec', 2, 3, 1, 2024),
(37, 'Jan', 2, 6, 2, 2025),
(38, 'Feb', 2, 6, 2, 2025),
(39, 'Mar', 2, 6, 2, 2025),
(40, 'Apr', 2, 6, 2, 2025),
(41, 'May', 2, 6, 2, 2025),
(42, 'Jun', 2, 6, 2, 2025),
(43, 'July', 2, 6, 2, 2025),
(44, 'Aug', 2, 6, 2, 2025),
(45, 'Sep', 2, 6, 2, 2025),
(46, 'Oct', 2, 6, 2, 2025),
(47, 'Nov', 2, 6, 2, 2025),
(48, 'Dec', 2, 6, 2, 2025),
(49, 'Jan', 999, 9, 4, 2023),
(50, 'Feb', 999, 9, 4, 2023),
(51, 'Mar', 999, 9, 4, 2023),
(52, 'Apr', 999, 9, 4, 2023),
(53, 'May', 999, 9, 4, 2023),
(54, 'Jun', 999, 9, 4, 2023),
(55, 'July', 999, 9, 4, 2023),
(56, 'Aug', 999, 9, 4, 2023),
(57, 'Sep', 999, 9, 4, 2023),
(58, 'Oct', 999, 9, 4, 2023),
(59, 'Nov', 999, 9, 4, 2023),
(60, 'Dec', 999, 9, 4, 2023),
(61, 'Jan', 999, 12, 5, 2024),
(62, 'Feb', 999, 12, 5, 2024),
(63, 'Mar', 999, 12, 5, 2024),
(64, 'Apr', 999, 12, 5, 2024),
(65, 'May', 999, 12, 5, 2024),
(66, 'Jun', 999, 12, 5, 2024),
(67, 'July', 999, 12, 5, 2024),
(68, 'Aug', 999, 12, 5, 2024),
(69, 'Sep', 999, 12, 5, 2024),
(70, 'Oct', 999, 12, 5, 2024),
(71, 'Nov', 999, 12, 5, 2024),
(72, 'Dec', 999, 12, 5, 2024),
(73, 'Jan', 999, 16, 7, 2023),
(74, 'Feb', 999, 16, 7, 2023),
(75, 'Mar', 999, 16, 7, 2023),
(76, 'Apr', 999, 16, 7, 2023),
(77, 'May', 999, 16, 7, 2023),
(78, 'Jun', 999, 16, 7, 2023),
(79, 'July', 999, 16, 7, 2023),
(80, 'Aug', 999, 16, 7, 2023),
(81, 'Sep', 999, 16, 7, 2023),
(82, 'Oct', 999, 16, 7, 2023),
(83, 'Nov', 999, 16, 7, 2023),
(84, 'Dec', 999, 16, 7, 2023),
(85, 'Jan', 999, 19, 8, 2024),
(86, 'Feb', 999, 19, 8, 2024),
(87, 'Mar', 999, 19, 8, 2024),
(88, 'Apr', 999, 19, 8, 2024),
(89, 'May', 999, 19, 8, 2024),
(90, 'Jun', 999, 19, 8, 2024),
(91, 'July', 999, 19, 8, 2024),
(92, 'Aug', 999, 19, 8, 2024),
(93, 'Sep', 999, 19, 8, 2024),
(94, 'Oct', 999, 19, 8, 2024),
(95, 'Nov', 999, 19, 8, 2024),
(96, 'Dec', 999, 19, 8, 2024),
(97, 'Jan', 999, 22, 9, 2025),
(98, 'Feb', 999, 22, 9, 2025),
(99, 'Mar', 999, 22, 9, 2025),
(100, 'Apr', 999, 22, 9, 2025),
(101, 'May', 999, 22, 9, 2025),
(102, 'Jun', 999, 22, 9, 2025),
(103, 'July', 999, 22, 9, 2025),
(104, 'Aug', 999, 22, 9, 2025),
(105, 'Sep', 999, 22, 9, 2025),
(106, 'Oct', 999, 22, 9, 2025),
(107, 'Nov', 999, 22, 9, 2025),
(108, 'Dec', 999, 22, 9, 2025),
(109, 'Jan', 999, 25, 10, 2026),
(110, 'Feb', 999, 25, 10, 2026),
(111, 'Mar', 999, 25, 10, 2026),
(112, 'Apr', 999, 25, 10, 2026),
(113, 'May', 999, 25, 10, 2026),
(114, 'Jun', 999, 25, 10, 2026),
(115, 'July', 999, 25, 10, 2026),
(116, 'Aug', 999, 25, 10, 2026),
(117, 'Sep', 999, 25, 10, 2026),
(118, 'Oct', 999, 25, 10, 2026),
(119, 'Nov', 999, 25, 10, 2026),
(120, 'Dec', 999, 25, 10, 2026),
(121, 'Jan', 999, 28, 11, 2027),
(122, 'Feb', 999, 28, 11, 2027),
(123, 'Mar', 999, 28, 11, 2027),
(124, 'Apr', 999, 28, 11, 2027),
(125, 'May', 999, 28, 11, 2027),
(126, 'Jun', 999, 28, 11, 2027),
(127, 'July', 999, 28, 11, 2027),
(128, 'Aug', 999, 28, 11, 2027),
(129, 'Sep', 999, 28, 11, 2027),
(130, 'Oct', 999, 28, 11, 2027),
(131, 'Nov', 999, 28, 11, 2027),
(132, 'Dec', 999, 28, 11, 2027),
(181, 'Apr', 11, 47, 18, 2023),
(182, 'May', 11, 47, 18, 2023),
(183, 'Jun', 11, 47, 18, 2023),
(184, 'July', 11, 47, 18, 2023),
(185, 'Aug', 11, 47, 18, 2023),
(186, 'Sep', 11, 47, 18, 2023),
(187, 'Oct', 11, 47, 18, 2023),
(188, 'Nov', 11, 47, 18, 2023),
(189, 'Dec', 11, 47, 18, 2023),
(190, 'Jan', 11, 47, 18, 2024),
(191, 'Feb', 11, 47, 18, 2024),
(192, 'Mar', 11, 47, 18, 2024),
(193, 'Jan', 99, 50, 23, 2022),
(194, 'Feb', 99, 50, 23, 2022),
(195, 'Mar', 99, 50, 23, 2022),
(196, 'Apr', 99, 50, 23, 2022),
(197, 'May', 99, 50, 23, 2022),
(198, 'Jun', 99, 50, 23, 2022),
(199, 'July', 99, 50, 23, 2022),
(200, 'Aug', 99, 50, 23, 2022),
(201, 'Sep', 99, 50, 23, 2022),
(202, 'Oct', 99, 50, 23, 2022),
(203, 'Nov', 99, 50, 23, 2022),
(204, 'Dec', 99, 50, 23, 2022),
(205, 'Jan', 99, 50, 23, 2023),
(206, 'Feb', 99, 50, 23, 2023),
(207, 'Mar', 99, 50, 23, 2023),
(208, 'Apr', 99, 50, 23, 2023),
(209, 'May', 99, 50, 23, 2023),
(210, 'Jun', 99, 50, 23, 2023),
(211, 'July', 99, 50, 23, 2023),
(212, 'Aug', 99, 50, 23, 2023),
(213, 'Sep', 99, 50, 23, 2023),
(214, 'Oct', 99, 50, 23, 2023),
(215, 'Nov', 99, 50, 23, 2023),
(216, 'Dec', 99, 50, 23, 2023),
(217, 'Jan', 99, 50, 23, 2024),
(218, 'Feb', 99, 50, 23, 2024),
(219, 'Mar', 99, 50, 23, 2024),
(220, 'Apr', 99, 50, 23, 2024),
(221, 'May', 99, 50, 23, 2024),
(222, 'Jun', 99, 50, 23, 2024),
(223, 'July', 99, 50, 23, 2024),
(224, 'Aug', 99, 50, 23, 2024),
(225, 'Sep', 99, 50, 23, 2024),
(226, 'Oct', 99, 50, 23, 2024),
(227, 'Nov', 99, 50, 23, 2024),
(228, 'Dec', 99, 50, 23, 2024),
(229, 'Apr', 10, 54, 25, 2023),
(230, 'May', 11, 54, 25, 2023),
(231, 'Jun', 10, 54, 25, 2023),
(232, 'July', 11, 54, 25, 2023),
(233, 'Aug', 11, 54, 25, 2023),
(234, 'Sep', 11, 54, 25, 2023),
(235, 'Oct', 11, 54, 25, 2023),
(236, 'Nov', 11, 54, 25, 2023),
(237, 'Dec', 11, 54, 25, 2023),
(238, 'Jan', 10, 54, 25, 2024),
(239, 'Feb', 11, 54, 25, 2024),
(240, 'Mar', 11, 54, 25, 2024),
(241, 'Jan', 999, 57, 26, 2022),
(242, 'Feb', 999, 57, 26, 2022),
(243, 'Mar', 999, 57, 26, 2022),
(244, 'Apr', 999, 57, 26, 2022),
(245, 'May', 999, 57, 26, 2022),
(246, 'Jun', 999, 57, 26, 2022),
(247, 'July', 999, 57, 26, 2022),
(248, 'Aug', 999, 57, 26, 2022),
(249, 'Sep', 999, 57, 26, 2022),
(250, 'Oct', 999, 57, 26, 2022),
(251, 'Nov', 999, 57, 26, 2022),
(252, 'Dec', 999, 57, 26, 2022),
(253, 'Jan', 999, 57, 26, 2023),
(254, 'Feb', 999, 57, 26, 2023),
(255, 'Mar', 999, 57, 26, 2023),
(256, 'Apr', 999, 57, 26, 2023),
(257, 'May', 999, 57, 26, 2023),
(258, 'Jun', 999, 57, 26, 2023),
(259, 'July', 999, 57, 26, 2023),
(260, 'Aug', 999, 57, 26, 2023),
(261, 'Sep', 999, 57, 26, 2023),
(262, 'Oct', 999, 57, 26, 2023),
(263, 'Nov', 999, 57, 26, 2023),
(264, 'Dec', 999, 57, 26, 2023),
(265, 'Jan', 6, 60, 27, 2021),
(266, 'Feb', 6, 60, 27, 2021),
(267, 'Mar', 6, 60, 27, 2021),
(268, 'Apr', 6, 60, 27, 2021),
(269, 'May', 6, 60, 27, 2021),
(270, 'Jun', 6, 60, 27, 2021),
(271, 'July', 6, 60, 27, 2021),
(272, 'Aug', 6, 60, 27, 2021),
(273, 'Sep', 6, 60, 27, 2021),
(274, 'Oct', 6, 60, 27, 2021),
(275, 'Nov', 6, 60, 27, 2021),
(276, 'Dec', 5, 60, 27, 2021),
(277, 'Jan', 6, 60, 27, 2022),
(278, 'Feb', 6, 60, 27, 2022),
(279, 'Mar', 6, 60, 27, 2022),
(280, 'Apr', 6, 60, 27, 2022),
(281, 'May', 6, 60, 27, 2022),
(282, 'Jun', 6, 60, 27, 2022),
(283, 'July', 6, 60, 27, 2022),
(284, 'Aug', 6, 60, 27, 2022),
(285, 'Sep', 6, 60, 27, 2022),
(286, 'Oct', 6, 60, 27, 2022),
(287, 'Nov', 6, 60, 27, 2022),
(288, 'Dec', 6, 60, 27, 2022),
(289, 'Jan', 6, 60, 27, 2023),
(290, 'Feb', 6, 60, 27, 2023),
(291, 'Mar', 6, 60, 27, 2023),
(292, 'Apr', 6, 60, 27, 2023),
(293, 'May', 6, 60, 27, 2023),
(294, 'Jun', 6, 60, 27, 2023),
(295, 'July', 6, 60, 27, 2023),
(296, 'Aug', 6, 60, 27, 2023),
(297, 'Sep', 6, 60, 27, 2023),
(298, 'Oct', 6, 60, 27, 2023),
(299, 'Nov', 6, 60, 27, 2023),
(300, 'Dec', 6, 60, 27, 2023),
(301, 'Jan', 5, 63, 28, 2024),
(302, 'Feb', 5, 63, 28, 2024),
(303, 'Mar', 5, 63, 28, 2024),
(304, 'Apr', 5, 63, 28, 2024),
(305, 'May', 5, 63, 28, 2024),
(306, 'Jun', 5, 63, 28, 2024),
(307, 'July', 5, 63, 28, 2024),
(308, 'Aug', 5, 63, 28, 2024),
(309, 'Sep', 5, 63, 28, 2024),
(310, 'Oct', 5, 63, 28, 2024),
(311, 'Nov', 5, 63, 28, 2024),
(312, 'Dec', 5, 63, 28, 2024),
(313, 'Jan', 5, 63, 28, 2025),
(314, 'Feb', 5, 63, 28, 2025),
(315, 'Mar', 5, 63, 28, 2025),
(316, 'Apr', 5, 63, 28, 2025),
(317, 'May', 5, 63, 28, 2025),
(318, 'Jun', 5, 63, 28, 2025),
(319, 'July', 5, 63, 28, 2025),
(320, 'Aug', 5, 63, 28, 2025),
(321, 'Sep', 5, 63, 28, 2025),
(322, 'Oct', 5, 63, 28, 2025),
(323, 'Nov', 5, 63, 28, 2025),
(324, 'Dec', 5, 63, 28, 2025),
(325, 'Jan', 999, 66, 29, 2024),
(326, 'Feb', 999, 66, 29, 2024),
(327, 'Mar', 999, 66, 29, 2024),
(328, 'Apr', 999, 66, 29, 2024),
(329, 'May', 999, 66, 29, 2024),
(330, 'Jun', 999, 66, 29, 2024),
(331, 'July', 999, 66, 29, 2024),
(332, 'Aug', 999, 66, 29, 2024),
(333, 'Sep', 999, 66, 29, 2024),
(334, 'Oct', 999, 66, 29, 2024),
(335, 'Nov', 999, 66, 29, 2024),
(336, 'Dec', 999, 66, 29, 2024),
(337, 'Jan', 999, 66, 29, 2025),
(338, 'Feb', 999, 66, 29, 2025),
(339, 'Mar', 999, 66, 29, 2025),
(340, 'Apr', 999, 66, 29, 2025),
(341, 'May', 999, 66, 29, 2025),
(342, 'Jun', 999, 66, 29, 2025),
(343, 'July', 999, 66, 29, 2025),
(344, 'Aug', 999, 66, 29, 2025),
(345, 'Sep', 999, 66, 29, 2025),
(346, 'Oct', 999, 66, 29, 2025),
(347, 'Nov', 999, 66, 29, 2025),
(348, 'Dec', 999, 66, 29, 2025),
(349, 'Jan', 999, 69, 30, 2025),
(350, 'Feb', 999, 69, 30, 2025),
(351, 'Mar', 999, 69, 30, 2025),
(352, 'Apr', 999, 69, 30, 2025),
(353, 'May', 999, 69, 30, 2025),
(354, 'Jun', 999, 69, 30, 2025),
(355, 'July', 999, 69, 30, 2025),
(356, 'Aug', 999, 69, 30, 2025),
(357, 'Sep', 999, 69, 30, 2025),
(358, 'Oct', 999, 69, 30, 2025),
(359, 'Nov', 999, 69, 30, 2025),
(360, 'Dec', 999, 69, 30, 2025),
(361, 'Apr', 7, 72, 31, 2025),
(362, 'May', 7, 72, 31, 2025),
(363, 'Jun', 7, 72, 31, 2025),
(364, 'July', 7, 72, 31, 2025),
(365, 'Aug', 7, 72, 31, 2025),
(366, 'Sep', 7, 72, 31, 2025),
(367, 'Oct', 7, 72, 31, 2025),
(368, 'Nov', 7, 72, 31, 2025),
(369, 'Dec', 7, 72, 31, 2025),
(370, 'Jan', 7, 72, 31, 2026),
(371, 'Feb', 7, 72, 31, 2026),
(372, 'Mar', 7, 72, 31, 2026),
(373, 'Apr', 7, 72, 31, 2026),
(374, 'May', 7, 72, 31, 2026),
(375, 'Jun', 7, 72, 31, 2026),
(376, 'July', 7, 72, 31, 2026),
(377, 'Aug', 7, 72, 31, 2026),
(378, 'Sep', 7, 72, 31, 2026),
(379, 'Oct', 7, 72, 31, 2026),
(380, 'Nov', 7, 72, 31, 2026),
(381, 'Dec', 7, 72, 31, 2026),
(382, 'Jan', 7, 72, 31, 2027),
(383, 'Feb', 7, 72, 31, 2027),
(384, 'Mar', 7, 72, 31, 2027),
(385, 'Jan', 999, 75, 32, 2026),
(386, 'Feb', 999, 75, 32, 2026),
(387, 'Mar', 999, 75, 32, 2026),
(388, 'Apr', 999, 75, 32, 2026),
(389, 'May', 999, 75, 32, 2026),
(390, 'Jun', 999, 75, 32, 2026),
(391, 'July', 999, 75, 32, 2026),
(392, 'Aug', 999, 75, 32, 2026),
(393, 'Sep', 999, 75, 32, 2026),
(394, 'Oct', 999, 75, 32, 2026),
(395, 'Nov', 999, 75, 32, 2026),
(396, 'Dec', 999, 75, 32, 2026),
(397, 'Jan', 999, 78, 33, 2027),
(398, 'Feb', 999, 78, 33, 2027),
(399, 'Mar', 999, 78, 33, 2027),
(400, 'Apr', 999, 78, 33, 2027),
(401, 'May', 999, 78, 33, 2027),
(402, 'Jun', 999, 78, 33, 2027),
(403, 'July', 999, 78, 33, 2027),
(404, 'Aug', 999, 78, 33, 2027),
(405, 'Sep', 999, 78, 33, 2027),
(406, 'Oct', 999, 78, 33, 2027),
(407, 'Nov', 999, 78, 33, 2027),
(408, 'Dec', 999, 78, 33, 2027),
(409, 'Jan', 0, 81, 34, 2021),
(410, 'Feb', 0, 81, 34, 2021),
(411, 'Mar', 0, 81, 34, 2021),
(412, 'Apr', 0, 81, 34, 2021),
(413, 'May', 0, 81, 34, 2021),
(414, 'Jun', 0, 81, 34, 2021),
(415, 'July', 0, 81, 34, 2021),
(416, 'Aug', 0, 81, 34, 2021),
(417, 'Sep', 0, 81, 34, 2021),
(418, 'Oct', 0, 81, 34, 2021),
(419, 'Nov', 0, 81, 34, 2021),
(420, 'Dec', 0, 81, 34, 2021),
(421, 'Jan', 0, 81, 34, 2022),
(422, 'Feb', 0, 81, 34, 2022),
(423, 'Mar', 0, 81, 34, 2022),
(424, 'Apr', 0, 81, 34, 2022),
(425, 'May', 0, 81, 34, 2022),
(426, 'Jun', 0, 81, 34, 2022),
(427, 'July', 0, 81, 34, 2022),
(428, 'Aug', 0, 81, 34, 2022),
(429, 'Sep', 0, 81, 34, 2022),
(430, 'Oct', 0, 81, 34, 2022),
(431, 'Nov', 0, 81, 34, 2022),
(432, 'Dec', 0, 81, 34, 2022),
(433, 'Jan', 0, 81, 34, 2023),
(434, 'Feb', 0, 81, 34, 2023),
(435, 'Mar', 0, 81, 34, 2023),
(436, 'Apr', 0, 81, 34, 2023),
(437, 'May', 0, 81, 34, 2023),
(438, 'Jun', 0, 81, 34, 2023),
(439, 'July', 0, 81, 34, 2023),
(440, 'Aug', 0, 81, 34, 2023),
(441, 'Sep', 0, 81, 34, 2023),
(442, 'Oct', 0, 81, 34, 2023),
(443, 'Nov', 0, 81, 34, 2023),
(444, 'Dec', 0, 81, 34, 2023),
(445, 'Jan', 20, 84, 35, 2021),
(446, 'Feb', 20, 84, 35, 2021),
(447, 'Mar', 20, 84, 35, 2021),
(448, 'Apr', 20, 84, 35, 2021),
(449, 'May', 20, 84, 35, 2021),
(450, 'Jun', 20, 84, 35, 2021),
(451, 'July', 20, 84, 35, 2021),
(452, 'Aug', 20, 84, 35, 2021),
(453, 'Sep', 20, 84, 35, 2021),
(454, 'Oct', 20, 84, 35, 2021),
(455, 'Nov', 20, 84, 35, 2021),
(456, 'Dec', 20, 84, 35, 2021),
(457, 'Jan', 20, 84, 35, 2022),
(458, 'Feb', 20, 84, 35, 2022),
(459, 'Mar', 20, 84, 35, 2022),
(460, 'Apr', 20, 84, 35, 2022),
(461, 'May', 20, 84, 35, 2022),
(462, 'Jun', 20, 84, 35, 2022),
(463, 'July', 20, 84, 35, 2022),
(464, 'Aug', 20, 84, 35, 2022),
(465, 'Sep', 20, 84, 35, 2022),
(466, 'Oct', 20, 84, 35, 2022),
(467, 'Nov', 20, 84, 35, 2022),
(468, 'Dec', 20, 84, 35, 2022),
(469, 'Jan', 20, 84, 35, 2023),
(470, 'Feb', 20, 84, 35, 2023),
(471, 'Mar', 20, 84, 35, 2023),
(472, 'Apr', 20, 84, 35, 2023),
(473, 'May', 20, 84, 35, 2023),
(474, 'Jun', 20, 84, 35, 2023),
(475, 'July', 20, 84, 35, 2023),
(476, 'Aug', 20, 84, 35, 2023),
(477, 'Sep', 20, 84, 35, 2023),
(478, 'Oct', 20, 84, 35, 2023),
(479, 'Nov', 20, 84, 35, 2023),
(480, 'Dec', 20, 84, 35, 2023),
(481, 'Jan', 20, 84, 35, 2024),
(482, 'Feb', 20, 84, 35, 2024),
(483, 'Mar', 20, 84, 35, 2024),
(484, 'Apr', 20, 84, 35, 2024),
(485, 'May', 20, 84, 35, 2024),
(486, 'Jun', 20, 84, 35, 2024),
(487, 'July', 20, 84, 35, 2024),
(488, 'Aug', 20, 84, 35, 2024),
(489, 'Sep', 20, 84, 35, 2024),
(490, 'Oct', 20, 84, 35, 2024),
(491, 'Nov', 20, 84, 35, 2024),
(492, 'Dec', 20, 84, 35, 2024),
(493, 'Aug', 4, 87, 36, 2021),
(494, 'Sep', 4, 87, 36, 2021),
(495, 'Oct', 4, 87, 36, 2021),
(496, 'Nov', 4, 87, 36, 2021),
(497, 'Dec', 4, 87, 36, 2021),
(498, 'Jan', 4, 87, 36, 2022),
(499, 'Feb', 4, 87, 36, 2022),
(500, 'Mar', 4, 87, 36, 2022),
(501, 'Apr', 4, 87, 36, 2022),
(502, 'May', 4, 87, 36, 2022),
(503, 'Jun', 4, 87, 36, 2022),
(504, 'July', 4, 87, 36, 2022),
(505, 'Aug', 4, 87, 36, 2022),
(506, 'Sep', 4, 87, 36, 2022),
(507, 'Oct', 4, 87, 36, 2022),
(508, 'Nov', 4, 87, 36, 2022),
(509, 'Dec', 4, 87, 36, 2022),
(510, 'Jan', 4, 87, 36, 2023),
(511, 'Feb', 4, 87, 36, 2023),
(512, 'Mar', 4, 87, 36, 2023),
(513, 'Apr', 4, 87, 36, 2023),
(514, 'May', 4, 87, 36, 2023),
(515, 'Jun', 4, 87, 36, 2023),
(516, 'July', 4, 87, 36, 2023),
(517, 'Aug', 4, 87, 36, 2023),
(518, 'Sep', 4, 87, 36, 2023),
(519, 'Oct', 4, 87, 36, 2023),
(520, 'Nov', 4, 87, 36, 2023),
(521, 'Dec', 4, 87, 36, 2023),
(522, 'Jan', 4, 87, 36, 2024),
(523, 'Feb', 4, 87, 36, 2024),
(524, 'Mar', 4, 87, 36, 2024),
(525, 'Apr', 4, 87, 36, 2024),
(526, 'May', 4, 87, 36, 2024),
(527, 'Jun', 4, 87, 36, 2024),
(528, 'July', 4, 87, 36, 2024),
(529, 'Aug', 4, 87, 36, 2024),
(530, 'Sep', 4, 87, 36, 2024),
(531, 'Oct', 4, 87, 36, 2024),
(532, 'Nov', 4, 87, 36, 2024),
(533, 'Dec', 4, 87, 36, 2024),
(534, 'Jan', 10, 90, 37, 2023),
(535, 'Feb', 10, 90, 37, 2023),
(536, 'Mar', 10, 90, 37, 2023),
(537, 'Apr', 10, 90, 37, 2023),
(538, 'May', 10, 90, 37, 2023),
(539, 'Jun', 10, 90, 37, 2023),
(540, 'July', 10, 90, 37, 2023),
(541, 'Aug', 10, 90, 37, 2023),
(542, 'Sep', 10, 90, 37, 2023),
(543, 'Oct', 10, 90, 37, 2023),
(544, 'Nov', 10, 90, 37, 2023),
(545, 'Dec', 10, 90, 37, 2023),
(546, 'Jan', 10, 90, 37, 2024),
(547, 'Feb', 10, 90, 37, 2024),
(548, 'Mar', 10, 90, 37, 2024),
(549, 'Apr', 10, 90, 37, 2024),
(550, 'May', 10, 90, 37, 2024),
(551, 'Jun', 10, 90, 37, 2024),
(552, 'July', 10, 90, 37, 2024),
(553, 'Aug', 10, 90, 37, 2024),
(554, 'Sep', 10, 90, 37, 2024),
(555, 'Oct', 10, 90, 37, 2024),
(556, 'Nov', 10, 90, 37, 2024),
(557, 'Dec', 10, 90, 37, 2024),
(558, 'Jan', 10, 90, 37, 2025),
(559, 'Feb', 10, 90, 37, 2025),
(560, 'Mar', 10, 90, 37, 2025),
(561, 'Apr', 10, 90, 37, 2025),
(562, 'May', 10, 90, 37, 2025),
(563, 'Jun', 10, 90, 37, 2025),
(564, 'July', 10, 90, 37, 2025),
(565, 'Aug', 10, 90, 37, 2025),
(566, 'Sep', 10, 90, 37, 2025),
(567, 'Oct', 10, 90, 37, 2025),
(568, 'Nov', 10, 90, 37, 2025),
(569, 'Dec', 10, 90, 37, 2025),
(570, 'Jan', 4, 93, 38, 2023),
(571, 'Feb', 4, 93, 38, 2023),
(572, 'Mar', 4, 93, 38, 2023),
(573, 'Apr', 4, 93, 38, 2023),
(574, 'May', 4, 93, 38, 2023),
(575, 'Jun', 4, 93, 38, 2023),
(576, 'July', 4, 93, 38, 2023),
(577, 'Aug', 4, 93, 38, 2023),
(578, 'Sep', 4, 93, 38, 2023),
(579, 'Oct', 4, 93, 38, 2023),
(580, 'Nov', 4, 93, 38, 2023),
(581, 'Dec', 4, 93, 38, 2023),
(582, 'Jan', 20, 96, 39, 2022),
(583, 'Feb', 20, 96, 39, 2022),
(584, 'Mar', 20, 96, 39, 2022),
(585, 'Apr', 20, 96, 39, 2022),
(586, 'May', 20, 96, 39, 2022),
(587, 'Jun', 20, 96, 39, 2022),
(588, 'July', 20, 96, 39, 2022),
(589, 'Aug', 20, 96, 39, 2022),
(590, 'Sep', 20, 96, 39, 2022),
(591, 'Oct', 20, 96, 39, 2022),
(592, 'Nov', 20, 96, 39, 2022),
(593, 'Dec', 20, 96, 39, 2022),
(594, 'Jan', 20, 96, 39, 2023),
(595, 'Feb', 20, 96, 39, 2023),
(596, 'Mar', 20, 96, 39, 2023),
(597, 'Apr', 20, 96, 39, 2023),
(598, 'May', 20, 96, 39, 2023),
(599, 'Jun', 20, 96, 39, 2023),
(600, 'July', 20, 96, 39, 2023),
(601, 'Aug', 20, 96, 39, 2023),
(602, 'Sep', 20, 96, 39, 2023),
(603, 'Oct', 20, 96, 39, 2023),
(604, 'Nov', 20, 96, 39, 2023),
(605, 'Dec', 20, 96, 39, 2023),
(606, 'Jan', 20, 99, 40, 2021),
(607, 'Feb', 20, 99, 40, 2021),
(608, 'Mar', 20, 99, 40, 2021),
(609, 'Apr', 20, 99, 40, 2021),
(610, 'May', 20, 99, 40, 2021),
(611, 'Jun', 20, 99, 40, 2021),
(612, 'July', 20, 99, 40, 2021),
(613, 'Aug', 20, 99, 40, 2021),
(614, 'Sep', 20, 99, 40, 2021),
(615, 'Oct', 20, 99, 40, 2021),
(616, 'Nov', 20, 99, 40, 2021),
(617, 'Dec', 20, 99, 40, 2021),
(618, 'Jan', 20, 99, 40, 2022),
(619, 'Feb', 20, 99, 40, 2022),
(620, 'Mar', 20, 99, 40, 2022),
(621, 'Apr', 20, 99, 40, 2022),
(622, 'May', 20, 99, 40, 2022),
(623, 'Jun', 20, 99, 40, 2022),
(624, 'July', 20, 99, 40, 2022),
(625, 'Aug', 20, 99, 40, 2022),
(626, 'Sep', 20, 99, 40, 2022),
(627, 'Oct', 20, 99, 40, 2022),
(628, 'Nov', 20, 99, 40, 2022),
(629, 'Dec', 20, 99, 40, 2022),
(630, 'Jan', 20, 99, 40, 2023),
(631, 'Feb', 20, 99, 40, 2023),
(632, 'Mar', 20, 99, 40, 2023),
(633, 'Apr', 20, 99, 40, 2023),
(634, 'May', 20, 99, 40, 2023),
(635, 'Jun', 20, 99, 40, 2023),
(636, 'July', 20, 99, 40, 2023),
(637, 'Aug', 20, 99, 40, 2023),
(638, 'Sep', 20, 99, 40, 2023),
(639, 'Oct', 20, 99, 40, 2023),
(640, 'Nov', 20, 99, 40, 2023),
(641, 'Dec', 20, 99, 40, 2023),
(642, 'Jan', 0, 102, 41, 2023),
(643, 'Feb', 0, 102, 41, 2023),
(644, 'Mar', 0, 102, 41, 2023),
(645, 'Apr', 0, 102, 41, 2023),
(646, 'May', 0, 102, 41, 2023),
(647, 'Jun', 0, 102, 41, 2023),
(648, 'July', 0, 102, 41, 2023),
(649, 'Aug', 0, 102, 41, 2023),
(650, 'Sep', 0, 102, 41, 2023),
(651, 'Oct', 0, 102, 41, 2023),
(652, 'Nov', 0, 102, 41, 2023),
(653, 'Dec', 0, 102, 41, 2023),
(654, 'July', 7, 105, 42, 2022),
(655, 'Aug', 7, 105, 42, 2022),
(656, 'Sep', 7, 105, 42, 2022),
(657, 'Oct', 7, 105, 42, 2022),
(658, 'Nov', 7, 105, 42, 2022),
(659, 'Dec', 7, 105, 42, 2022),
(660, 'Jan', 7, 105, 42, 2023),
(661, 'Feb', 7, 105, 42, 2023),
(662, 'Mar', 7, 105, 42, 2023),
(663, 'Apr', 7, 105, 42, 2023),
(664, 'May', 7, 105, 42, 2023),
(665, 'Jun', 7, 105, 42, 2023),
(666, 'July', 7, 105, 42, 2023),
(667, 'Aug', 7, 105, 42, 2023),
(668, 'Sep', 7, 105, 42, 2023),
(669, 'Oct', 7, 105, 42, 2023),
(670, 'Nov', 7, 105, 42, 2023),
(671, 'Dec', 7, 105, 42, 2023),
(672, 'Jan', 7, 105, 42, 2024),
(673, 'Feb', 7, 105, 42, 2024),
(674, 'Mar', 7, 105, 42, 2024),
(675, 'Apr', 7, 105, 42, 2024),
(676, 'May', 7, 105, 42, 2024),
(677, 'Jun', 7, 105, 42, 2024),
(678, 'July', 7, 105, 42, 2024),
(679, 'Aug', 7, 105, 42, 2024),
(680, 'Sep', 7, 105, 42, 2024),
(681, 'Oct', 7, 105, 42, 2024),
(682, 'Nov', 7, 105, 42, 2024),
(683, 'Dec', 7, 105, 42, 2024),
(684, 'Jan', 7, 105, 42, 2025),
(685, 'Feb', 7, 105, 42, 2025),
(686, 'Mar', 7, 105, 42, 2025),
(687, 'Aug', 4, 108, 43, 2021),
(688, 'Sep', 4, 108, 43, 2021),
(689, 'Oct', 4, 108, 43, 2021),
(690, 'Nov', 4, 108, 43, 2021),
(691, 'Dec', 4, 108, 43, 2021),
(692, 'Jan', 4, 108, 43, 2022),
(693, 'Feb', 4, 108, 43, 2022),
(694, 'Mar', 4, 108, 43, 2022),
(695, 'Apr', 4, 108, 43, 2022),
(696, 'May', 4, 108, 43, 2022),
(697, 'Jun', 4, 108, 43, 2022),
(698, 'July', 4, 108, 43, 2022),
(699, 'Aug', 4, 108, 43, 2022),
(700, 'Sep', 4, 108, 43, 2022),
(701, 'Oct', 4, 108, 43, 2022),
(702, 'Nov', 4, 108, 43, 2022),
(703, 'Dec', 4, 108, 43, 2022),
(704, 'Jan', 4, 108, 43, 2023),
(705, 'Feb', 4, 108, 43, 2023),
(706, 'Mar', 4, 108, 43, 2023),
(707, 'Apr', 4, 108, 43, 2023),
(708, 'May', 4, 108, 43, 2023),
(709, 'Jun', 4, 108, 43, 2023),
(710, 'July', 4, 108, 43, 2023),
(711, 'Aug', 4, 108, 43, 2023),
(712, 'Sep', 4, 108, 43, 2023),
(713, 'Oct', 4, 108, 43, 2023),
(714, 'Nov', 4, 108, 43, 2023),
(715, 'Dec', 4, 108, 43, 2023),
(716, 'Jan', 4, 108, 43, 2024),
(717, 'Feb', 4, 108, 43, 2024),
(718, 'Mar', 4, 108, 43, 2024),
(719, 'Apr', 4, 108, 43, 2024),
(720, 'May', 4, 108, 43, 2024),
(721, 'Jun', 4, 108, 43, 2024),
(722, 'July', 4, 108, 43, 2024),
(723, 'Aug', 4, 108, 43, 2024),
(724, 'Sep', 4, 108, 43, 2024),
(725, 'Oct', 4, 108, 43, 2024),
(726, 'Nov', 4, 108, 43, 2024),
(727, 'Dec', 4, 108, 43, 2024),
(728, 'Aug', 4, 111, 44, 2021),
(729, 'Sep', 4, 111, 44, 2021),
(730, 'Oct', 4, 111, 44, 2021),
(731, 'Nov', 4, 111, 44, 2021),
(732, 'Dec', 4, 111, 44, 2021),
(733, 'Jan', 4, 111, 44, 2022),
(734, 'Feb', 4, 111, 44, 2022),
(735, 'Mar', 4, 111, 44, 2022),
(736, 'Apr', 4, 111, 44, 2022),
(737, 'May', 4, 111, 44, 2022),
(738, 'Jun', 4, 111, 44, 2022),
(739, 'July', 4, 111, 44, 2022),
(740, 'Aug', 4, 111, 44, 2022),
(741, 'Sep', 4, 111, 44, 2022),
(742, 'Oct', 4, 111, 44, 2022),
(743, 'Nov', 4, 111, 44, 2022),
(744, 'Dec', 4, 111, 44, 2022),
(745, 'Jan', 4, 111, 44, 2023),
(746, 'Feb', 4, 111, 44, 2023),
(747, 'Mar', 4, 111, 44, 2023),
(748, 'Apr', 4, 111, 44, 2023),
(749, 'May', 4, 111, 44, 2023),
(750, 'Jun', 4, 111, 44, 2023),
(751, 'July', 4, 111, 44, 2023),
(752, 'Aug', 4, 111, 44, 2023),
(753, 'Sep', 4, 111, 44, 2023),
(754, 'Oct', 4, 111, 44, 2023),
(755, 'Nov', 4, 111, 44, 2023),
(756, 'Dec', 4, 111, 44, 2023),
(757, 'Jan', 4, 111, 44, 2024),
(758, 'Feb', 4, 111, 44, 2024),
(759, 'Mar', 4, 111, 44, 2024),
(760, 'Apr', 4, 111, 44, 2024),
(761, 'May', 4, 111, 44, 2024),
(762, 'Jun', 4, 111, 44, 2024),
(763, 'July', 4, 111, 44, 2024),
(764, 'Aug', 4, 111, 44, 2024),
(765, 'Sep', 4, 111, 44, 2024),
(766, 'Oct', 4, 111, 44, 2024),
(767, 'Nov', 4, 111, 44, 2024),
(768, 'Dec', 4, 111, 44, 2024),
(769, 'Aug', 4, 114, 45, 2021),
(770, 'Sep', 4, 114, 45, 2021),
(771, 'Oct', 4, 114, 45, 2021),
(772, 'Nov', 4, 114, 45, 2021),
(773, 'Dec', 4, 114, 45, 2021),
(774, 'Jan', 4, 114, 45, 2022),
(775, 'Feb', 4, 114, 45, 2022),
(776, 'Mar', 4, 114, 45, 2022),
(777, 'Apr', 4, 114, 45, 2022),
(778, 'May', 4, 114, 45, 2022),
(779, 'Jun', 4, 114, 45, 2022),
(780, 'July', 4, 114, 45, 2022),
(781, 'Aug', 4, 114, 45, 2022),
(782, 'Sep', 4, 114, 45, 2022),
(783, 'Oct', 4, 114, 45, 2022),
(784, 'Nov', 4, 114, 45, 2022),
(785, 'Dec', 4, 114, 45, 2022),
(786, 'Jan', 4, 114, 45, 2023),
(787, 'Feb', 4, 114, 45, 2023),
(788, 'Mar', 4, 114, 45, 2023),
(789, 'Apr', 4, 114, 45, 2023),
(790, 'May', 4, 114, 45, 2023),
(791, 'Jun', 4, 114, 45, 2023),
(792, 'July', 4, 114, 45, 2023),
(793, 'Aug', 4, 114, 45, 2023),
(794, 'Sep', 4, 114, 45, 2023),
(795, 'Oct', 4, 114, 45, 2023),
(796, 'Nov', 4, 114, 45, 2023),
(797, 'Dec', 4, 114, 45, 2023),
(798, 'Jan', 4, 114, 45, 2024),
(799, 'Feb', 4, 114, 45, 2024),
(800, 'Mar', 4, 114, 45, 2024),
(801, 'Apr', 4, 114, 45, 2024),
(802, 'May', 4, 114, 45, 2024),
(803, 'Jun', 4, 114, 45, 2024),
(804, 'July', 4, 114, 45, 2024),
(805, 'Aug', 4, 114, 45, 2024),
(806, 'Sep', 4, 114, 45, 2024),
(807, 'Oct', 4, 114, 45, 2024),
(808, 'Nov', 4, 114, 45, 2024),
(809, 'Dec', 4, 114, 45, 2024),
(810, 'Jan', 999, 117, 46, 2023),
(811, 'Feb', 999, 117, 46, 2023),
(812, 'Mar', 999, 117, 46, 2023),
(813, 'Apr', 999, 117, 46, 2023),
(814, 'May', 999, 117, 46, 2023),
(815, 'Jun', 999, 117, 46, 2023),
(816, 'July', 999, 117, 46, 2023),
(817, 'Aug', 999, 117, 46, 2023),
(818, 'Sep', 999, 117, 46, 2023),
(819, 'Oct', 999, 117, 46, 2023),
(820, 'Nov', 999, 117, 46, 2023),
(821, 'Dec', 999, 117, 46, 2023),
(822, 'Jan', 999, 117, 46, 2024),
(823, 'Feb', 999, 117, 46, 2024),
(824, 'Mar', 999, 117, 46, 2024),
(825, 'Apr', 999, 117, 46, 2024),
(826, 'May', 999, 117, 46, 2024),
(827, 'Jun', 999, 117, 46, 2024),
(828, 'July', 999, 117, 46, 2024),
(829, 'Aug', 999, 117, 46, 2024),
(830, 'Sep', 999, 117, 46, 2024),
(831, 'Oct', 999, 117, 46, 2024),
(832, 'Nov', 999, 117, 46, 2024),
(833, 'Dec', 999, 117, 46, 2024),
(834, 'Jan', 999, 117, 46, 2025),
(835, 'Feb', 999, 117, 46, 2025),
(836, 'Mar', 999, 117, 46, 2025),
(837, 'Apr', 999, 117, 46, 2025),
(838, 'May', 999, 117, 46, 2025),
(839, 'Jun', 999, 117, 46, 2025),
(840, 'July', 999, 117, 46, 2025),
(841, 'Aug', 999, 117, 46, 2025),
(842, 'Sep', 999, 117, 46, 2025),
(843, 'Oct', 999, 117, 46, 2025),
(844, 'Nov', 999, 117, 46, 2025),
(845, 'Dec', 999, 117, 46, 2025),
(846, 'Jan', 999, 120, 47, 2021),
(847, 'Feb', 999, 120, 47, 2021),
(848, 'Mar', 999, 120, 47, 2021),
(849, 'Apr', 999, 120, 47, 2021),
(850, 'May', 999, 120, 47, 2021),
(851, 'Jun', 999, 120, 47, 2021),
(852, 'July', 999, 120, 47, 2021),
(853, 'Aug', 999, 120, 47, 2021),
(854, 'Sep', 999, 120, 47, 2021),
(855, 'Oct', 999, 120, 47, 2021),
(856, 'Nov', 999, 120, 47, 2021),
(857, 'Dec', 999, 120, 47, 2021),
(858, 'Jan', 999, 120, 47, 2022),
(859, 'Feb', 999, 120, 47, 2022),
(860, 'Mar', 999, 120, 47, 2022),
(861, 'Apr', 999, 120, 47, 2022),
(862, 'May', 999, 120, 47, 2022),
(863, 'Jun', 999, 120, 47, 2022),
(864, 'July', 999, 120, 47, 2022),
(865, 'Aug', 999, 120, 47, 2022),
(866, 'Sep', 999, 120, 47, 2022),
(867, 'Oct', 999, 120, 47, 2022),
(868, 'Nov', 999, 120, 47, 2022),
(869, 'Dec', 999, 120, 47, 2022),
(870, 'Jan', 999, 120, 47, 2023),
(871, 'Feb', 999, 120, 47, 2023),
(872, 'Mar', 999, 120, 47, 2023),
(873, 'Apr', 999, 120, 47, 2023),
(874, 'May', 999, 120, 47, 2023),
(875, 'Jun', 999, 120, 47, 2023),
(876, 'July', 999, 120, 47, 2023),
(877, 'Aug', 999, 120, 47, 2023),
(878, 'Sep', 999, 120, 47, 2023),
(879, 'Oct', 999, 120, 47, 2023),
(880, 'Nov', 999, 120, 47, 2023),
(881, 'Dec', 999, 120, 47, 2023),
(882, 'Jan', 5, 123, 48, 2022),
(883, 'Feb', 5, 123, 48, 2022),
(884, 'Mar', 5, 123, 48, 2022),
(885, 'Apr', 5, 123, 48, 2022),
(886, 'May', 5, 123, 48, 2022),
(887, 'Jun', 5, 123, 48, 2022),
(888, 'July', 5, 123, 48, 2022),
(889, 'Aug', 5, 123, 48, 2022),
(890, 'Sep', 5, 123, 48, 2022),
(891, 'Oct', 5, 123, 48, 2022),
(892, 'Nov', 5, 123, 48, 2022),
(893, 'Dec', 5, 123, 48, 2022),
(894, 'Jan', 5, 123, 48, 2023),
(895, 'Feb', 5, 123, 48, 2023),
(896, 'Mar', 5, 123, 48, 2023),
(897, 'Apr', 5, 123, 48, 2023),
(898, 'May', 5, 123, 48, 2023),
(899, 'Jun', 5, 123, 48, 2023),
(900, 'July', 5, 123, 48, 2023),
(901, 'Aug', 5, 123, 48, 2023),
(902, 'Sep', 5, 123, 48, 2023),
(903, 'Oct', 5, 123, 48, 2023),
(904, 'Nov', 5, 123, 48, 2023),
(905, 'Dec', 5, 123, 48, 2023),
(906, 'Aug', 4, 126, 52, 2021),
(907, 'Sep', 4, 126, 52, 2021),
(908, 'Oct', 4, 126, 52, 2021),
(909, 'Nov', 4, 126, 52, 2021),
(910, 'Dec', 4, 126, 52, 2021),
(911, 'Jan', 4, 126, 52, 2022),
(912, 'Feb', 4, 126, 52, 2022),
(913, 'Mar', 4, 126, 52, 2022),
(914, 'Apr', 4, 126, 52, 2022),
(915, 'May', 4, 126, 52, 2022),
(916, 'Jun', 4, 126, 52, 2022),
(917, 'July', 4, 126, 52, 2022),
(918, 'Aug', 4, 126, 52, 2022),
(919, 'Sep', 4, 126, 52, 2022),
(920, 'Oct', 4, 126, 52, 2022),
(921, 'Nov', 4, 126, 52, 2022),
(922, 'Dec', 4, 126, 52, 2022),
(923, 'Jan', 4, 126, 52, 2023),
(924, 'Feb', 4, 126, 52, 2023),
(925, 'Mar', 4, 126, 52, 2023),
(926, 'Apr', 4, 126, 52, 2023),
(927, 'May', 4, 126, 52, 2023),
(928, 'Jun', 4, 126, 52, 2023),
(929, 'July', 4, 126, 52, 2023),
(930, 'Aug', 4, 126, 52, 2023),
(931, 'Sep', 4, 126, 52, 2023),
(932, 'Oct', 4, 126, 52, 2023),
(933, 'Nov', 4, 126, 52, 2023),
(934, 'Dec', 4, 126, 52, 2023),
(935, 'Jan', 4, 126, 52, 2024),
(936, 'Feb', 4, 126, 52, 2024),
(937, 'Mar', 4, 126, 52, 2024),
(938, 'Apr', 4, 126, 52, 2024),
(939, 'May', 4, 126, 52, 2024),
(940, 'Jun', 4, 126, 52, 2024),
(941, 'July', 4, 126, 52, 2024),
(942, 'Aug', 4, 126, 52, 2024),
(943, 'Sep', 4, 126, 52, 2024),
(944, 'Oct', 4, 126, 52, 2024),
(945, 'Nov', 4, 126, 52, 2024),
(946, 'Dec', 4, 126, 52, 2024),
(947, 'Jan', 0, 130, 57, 2023),
(948, 'Feb', 0, 130, 57, 2023),
(949, 'Mar', 0, 130, 57, 2023),
(950, 'Apr', 0, 130, 57, 2023),
(951, 'May', 0, 130, 57, 2023),
(952, 'Jun', 0, 130, 57, 2023),
(953, 'July', 0, 130, 57, 2023),
(954, 'Aug', 0, 130, 57, 2023),
(955, 'Sep', 0, 130, 57, 2023),
(956, 'Oct', 0, 130, 57, 2023),
(957, 'Nov', 0, 130, 57, 2023),
(958, 'Dec', 0, 130, 57, 2023),
(971, 'Jan', 5, 136, 58, 2022),
(972, 'Feb', 5, 136, 58, 2022),
(973, 'Mar', 5, 136, 58, 2022),
(974, 'Apr', 5, 136, 58, 2022),
(975, 'May', 5, 136, 58, 2022),
(976, 'Jun', 5, 136, 58, 2022),
(977, 'July', 5, 136, 58, 2022),
(978, 'Aug', 5, 136, 58, 2022),
(979, 'Sep', 5, 136, 58, 2022),
(980, 'Oct', 5, 136, 58, 2022),
(981, 'Nov', 5, 136, 58, 2022),
(982, 'Dec', 5, 136, 58, 2022),
(983, 'Jan', 5, 136, 58, 2023),
(984, 'Feb', 5, 136, 58, 2023),
(985, 'Mar', 5, 136, 58, 2023),
(986, 'Apr', 5, 136, 58, 2023),
(987, 'May', 5, 136, 58, 2023),
(988, 'Jun', 5, 136, 58, 2023),
(989, 'July', 5, 136, 58, 2023),
(990, 'Aug', 5, 136, 58, 2023),
(991, 'Sep', 5, 136, 58, 2023),
(992, 'Oct', 5, 136, 58, 2023),
(993, 'Nov', 5, 136, 58, 2023),
(994, 'Dec', 5, 136, 58, 2023),
(995, 'Jan', 5, 139, 59, 2022),
(996, 'Feb', 5, 139, 59, 2022),
(997, 'Mar', 5, 139, 59, 2022),
(998, 'Apr', 5, 139, 59, 2022),
(999, 'May', 5, 139, 59, 2022),
(1000, 'Jun', 5, 139, 59, 2022),
(1001, 'July', 5, 139, 59, 2022),
(1002, 'Aug', 5, 139, 59, 2022),
(1003, 'Sep', 5, 139, 59, 2022),
(1004, 'Oct', 5, 139, 59, 2022),
(1005, 'Nov', 5, 139, 59, 2022),
(1006, 'Dec', 5, 139, 59, 2022),
(1007, 'Jan', 5, 139, 59, 2023),
(1008, 'Feb', 5, 139, 59, 2023),
(1009, 'Mar', 5, 139, 59, 2023),
(1010, 'Apr', 5, 139, 59, 2023),
(1011, 'May', 5, 139, 59, 2023),
(1012, 'Jun', 5, 139, 59, 2023),
(1013, 'July', 5, 139, 59, 2023),
(1014, 'Aug', 5, 139, 59, 2023),
(1015, 'Sep', 5, 139, 59, 2023),
(1016, 'Oct', 5, 139, 59, 2023),
(1017, 'Nov', 5, 139, 59, 2023),
(1018, 'Dec', 5, 139, 59, 2023),
(1019, 'Jan', 0, 142, 61, 2024),
(1020, 'Feb', 0, 142, 61, 2024),
(1021, 'Mar', 0, 142, 61, 2024),
(1022, 'Apr', 0, 142, 61, 2024),
(1023, 'May', 0, 142, 61, 2024),
(1024, 'Jun', 0, 142, 61, 2024),
(1025, 'July', 0, 142, 61, 2024),
(1026, 'Aug', 0, 142, 61, 2024),
(1027, 'Sep', 0, 142, 61, 2024),
(1028, 'Oct', 0, 142, 61, 2024),
(1029, 'Nov', 0, 142, 61, 2024),
(1030, 'Dec', 0, 142, 61, 2024),
(1031, 'Jan', 0, 142, 61, 2025),
(1032, 'Feb', 0, 142, 61, 2025),
(1033, 'Mar', 0, 142, 61, 2025),
(1034, 'Apr', 0, 142, 61, 2025),
(1035, 'May', 0, 142, 61, 2025),
(1036, 'Jun', 0, 142, 61, 2025),
(1037, 'July', 0, 142, 61, 2025),
(1038, 'Aug', 0, 142, 61, 2025),
(1039, 'Sep', 0, 142, 61, 2025),
(1040, 'Oct', 0, 142, 61, 2025),
(1041, 'Nov', 0, 142, 61, 2025),
(1042, 'Dec', 0, 142, 61, 2025),
(1043, 'July', 7, 145, 62, 2022),
(1044, 'Aug', 7, 145, 62, 2022),
(1045, 'Sep', 7, 145, 62, 2022),
(1046, 'Oct', 7, 145, 62, 2022),
(1047, 'Nov', 7, 145, 62, 2022),
(1048, 'Dec', 7, 145, 62, 2022),
(1049, 'Jan', 7, 145, 62, 2023),
(1050, 'Feb', 7, 145, 62, 2023),
(1051, 'Mar', 7, 145, 62, 2023),
(1052, 'Apr', 7, 145, 62, 2023),
(1053, 'May', 7, 145, 62, 2023),
(1054, 'Jun', 7, 145, 62, 2023),
(1055, 'July', 7, 145, 62, 2023),
(1056, 'Aug', 7, 145, 62, 2023),
(1057, 'Sep', 7, 145, 62, 2023),
(1058, 'Oct', 7, 145, 62, 2023),
(1059, 'Nov', 7, 145, 62, 2023),
(1060, 'Dec', 7, 145, 62, 2023),
(1061, 'Jan', 7, 145, 62, 2024),
(1062, 'Feb', 7, 145, 62, 2024),
(1063, 'Mar', 7, 145, 62, 2024),
(1064, 'Apr', 7, 145, 62, 2024),
(1065, 'May', 7, 145, 62, 2024),
(1066, 'Jun', 7, 145, 62, 2024),
(1067, 'July', 7, 145, 62, 2024),
(1068, 'Aug', 7, 145, 62, 2024),
(1069, 'Sep', 7, 145, 62, 2024),
(1070, 'Oct', 7, 145, 62, 2024),
(1071, 'Nov', 7, 145, 62, 2024),
(1072, 'Dec', 7, 145, 62, 2024),
(1073, 'Jan', 7, 145, 62, 2025),
(1074, 'Feb', 7, 145, 62, 2025),
(1075, 'Mar', 7, 145, 62, 2025),
(1076, 'Apr', 7, 148, 63, 2025),
(1077, 'May', 7, 148, 63, 2025),
(1078, 'Jun', 7, 148, 63, 2025),
(1079, 'July', 7, 148, 63, 2025),
(1080, 'Aug', 7, 148, 63, 2025),
(1081, 'Sep', 7, 148, 63, 2025),
(1082, 'Oct', 7, 148, 63, 2025),
(1083, 'Nov', 7, 148, 63, 2025),
(1084, 'Dec', 7, 148, 63, 2025),
(1085, 'Jan', 7, 148, 63, 2026),
(1086, 'Feb', 7, 148, 63, 2026),
(1087, 'Mar', 7, 148, 63, 2026),
(1088, 'Apr', 7, 148, 63, 2026),
(1089, 'May', 7, 148, 63, 2026),
(1090, 'Jun', 7, 148, 63, 2026),
(1091, 'July', 7, 148, 63, 2026),
(1092, 'Aug', 7, 148, 63, 2026),
(1093, 'Sep', 7, 148, 63, 2026),
(1094, 'Oct', 7, 148, 63, 2026),
(1095, 'Nov', 7, 148, 63, 2026),
(1096, 'Dec', 7, 148, 63, 2026),
(1097, 'Jan', 7, 148, 63, 2027),
(1098, 'Feb', 7, 148, 63, 2027),
(1099, 'Mar', 7, 148, 63, 2027),
(1100, 'Jan', 2, 151, 64, 2025),
(1101, 'Feb', 2, 151, 64, 2025),
(1102, 'Mar', 2, 151, 64, 2025),
(1103, 'Apr', 2, 151, 64, 2025),
(1104, 'May', 2, 151, 64, 2025),
(1105, 'Jun', 2, 151, 64, 2025),
(1106, 'July', 2, 151, 64, 2025),
(1107, 'Aug', 2, 151, 64, 2025),
(1108, 'Sep', 2, 151, 64, 2025),
(1109, 'Oct', 2, 151, 64, 2025),
(1110, 'Nov', 2, 151, 64, 2025),
(1111, 'Dec', 2, 151, 64, 2025),
(1112, 'Apr', 10, 154, 65, 2023),
(1113, 'May', 11, 154, 65, 2023),
(1114, 'Jun', 9, 154, 65, 2023),
(1115, 'July', 11, 154, 65, 2023),
(1116, 'Aug', 11, 154, 65, 2023),
(1117, 'Sep', 11, 154, 65, 2023),
(1118, 'Oct', 11, 154, 65, 2023),
(1119, 'Nov', 11, 154, 65, 2023),
(1120, 'Dec', 11, 154, 65, 2023),
(1121, 'Jan', 10, 154, 65, 2024),
(1122, 'Feb', 11, 154, 65, 2024),
(1123, 'Mar', 11, 154, 65, 2024),
(1124, 'Jan', 0, 157, 66, 2024),
(1125, 'Feb', 0, 157, 66, 2024),
(1126, 'Mar', 0, 157, 66, 2024),
(1127, 'Apr', 0, 157, 66, 2024),
(1128, 'May', 0, 157, 66, 2024),
(1129, 'Jun', 0, 157, 66, 2024),
(1130, 'July', 0, 157, 66, 2024),
(1131, 'Aug', 0, 157, 66, 2024),
(1132, 'Sep', 0, 157, 66, 2024),
(1133, 'Oct', 0, 157, 66, 2024),
(1134, 'Nov', 0, 157, 66, 2024),
(1135, 'Dec', 0, 157, 66, 2024),
(1136, 'Jan', 0, 157, 66, 2025),
(1137, 'Feb', 0, 157, 66, 2025),
(1138, 'Mar', 0, 157, 66, 2025),
(1139, 'Apr', 0, 157, 66, 2025),
(1140, 'May', 0, 157, 66, 2025),
(1141, 'Jun', 0, 157, 66, 2025),
(1142, 'July', 0, 157, 66, 2025),
(1143, 'Aug', 0, 157, 66, 2025),
(1144, 'Sep', 0, 157, 66, 2025),
(1145, 'Oct', 0, 157, 66, 2025),
(1146, 'Nov', 0, 157, 66, 2025),
(1147, 'Dec', 0, 157, 66, 2025),
(1148, 'Jan', 3, 160, 67, 2023),
(1149, 'Feb', 3, 160, 67, 2023),
(1150, 'Mar', 2, 160, 67, 2023),
(1151, 'Apr', 3, 160, 67, 2023),
(1152, 'May', 3, 160, 67, 2023),
(1153, 'Jun', 3, 160, 67, 2023),
(1154, 'July', 3, 160, 67, 2023),
(1155, 'Aug', 3, 160, 67, 2023),
(1156, 'Sep', 4, 160, 67, 2023),
(1157, 'Oct', 4, 160, 67, 2023),
(1158, 'Nov', 4, 160, 67, 2023),
(1159, 'Dec', 4, 160, 67, 2023),
(1160, 'Jan', 0, 163, 68, 2024),
(1161, 'Feb', 0, 163, 68, 2024),
(1162, 'Mar', 0, 163, 68, 2024),
(1163, 'Apr', 0, 163, 68, 2024),
(1164, 'May', 0, 163, 68, 2024),
(1165, 'Jun', 0, 163, 68, 2024),
(1166, 'July', 0, 163, 68, 2024),
(1167, 'Aug', 0, 163, 68, 2024),
(1168, 'Sep', 0, 163, 68, 2024),
(1169, 'Oct', 0, 163, 68, 2024),
(1170, 'Nov', 0, 163, 68, 2024),
(1171, 'Dec', 0, 163, 68, 2024),
(1172, 'Jan', 0, 163, 68, 2025),
(1173, 'Feb', 0, 163, 68, 2025),
(1174, 'Mar', 0, 163, 68, 2025),
(1175, 'Apr', 0, 163, 68, 2025),
(1176, 'May', 0, 163, 68, 2025),
(1177, 'Jun', 0, 163, 68, 2025),
(1178, 'July', 0, 163, 68, 2025),
(1179, 'Aug', 0, 163, 68, 2025),
(1180, 'Sep', 0, 163, 68, 2025),
(1181, 'Oct', 0, 163, 68, 2025),
(1182, 'Nov', 0, 163, 68, 2025),
(1183, 'Dec', 0, 163, 68, 2025),
(1184, 'Jan', 10, 166, 69, 2024),
(1185, 'Feb', 10, 166, 69, 2024),
(1186, 'Mar', 10, 166, 69, 2024),
(1187, 'Apr', 10, 166, 69, 2024),
(1188, 'May', 10, 166, 69, 2024),
(1189, 'Jun', 10, 166, 69, 2024),
(1190, 'July', 10, 166, 69, 2024),
(1191, 'Aug', 10, 166, 69, 2024),
(1192, 'Sep', 10, 166, 69, 2024),
(1193, 'Oct', 10, 166, 69, 2024),
(1194, 'Nov', 10, 166, 69, 2024),
(1195, 'Dec', 10, 166, 69, 2024),
(1196, 'Jan', 10, 166, 69, 2025),
(1197, 'Feb', 10, 166, 69, 2025),
(1198, 'Mar', 10, 166, 69, 2025),
(1199, 'Apr', 10, 166, 69, 2025),
(1200, 'May', 10, 166, 69, 2025),
(1201, 'Jun', 10, 166, 69, 2025),
(1202, 'July', 10, 166, 69, 2025),
(1203, 'Aug', 10, 166, 69, 2025),
(1204, 'Sep', 10, 166, 69, 2025),
(1205, 'Oct', 10, 166, 69, 2025),
(1206, 'Nov', 10, 166, 69, 2025),
(1207, 'Dec', 10, 166, 69, 2025),
(1208, 'Jan', 0, 169, 70, 2023),
(1209, 'Feb', 0, 169, 70, 2023),
(1210, 'Mar', 0, 169, 70, 2023),
(1211, 'Apr', 0, 169, 70, 2023),
(1212, 'May', 0, 169, 70, 2023),
(1213, 'Jun', 0, 169, 70, 2023),
(1214, 'July', 0, 169, 70, 2023),
(1215, 'Aug', 0, 169, 70, 2023),
(1216, 'Sep', 0, 169, 70, 2023),
(1217, 'Oct', 0, 169, 70, 2023),
(1218, 'Nov', 0, 169, 70, 2023),
(1219, 'Dec', 0, 169, 70, 2023),
(1220, 'Jan', 0, 172, 71, 2024),
(1221, 'Feb', 0, 172, 71, 2024),
(1222, 'Mar', 0, 172, 71, 2024),
(1223, 'Apr', 0, 172, 71, 2024),
(1224, 'May', 0, 172, 71, 2024),
(1225, 'Jun', 0, 172, 71, 2024),
(1226, 'July', 0, 172, 71, 2024),
(1227, 'Aug', 0, 172, 71, 2024),
(1228, 'Sep', 0, 172, 71, 2024),
(1229, 'Oct', 0, 172, 71, 2024),
(1230, 'Nov', 0, 172, 71, 2024),
(1231, 'Dec', 0, 172, 71, 2024),
(1232, 'Jan', 0, 172, 71, 2025),
(1233, 'Feb', 0, 172, 71, 2025),
(1234, 'Mar', 0, 172, 71, 2025),
(1235, 'Apr', 0, 172, 71, 2025),
(1236, 'May', 0, 172, 71, 2025),
(1237, 'Jun', 0, 172, 71, 2025),
(1238, 'July', 0, 172, 71, 2025),
(1239, 'Aug', 0, 172, 71, 2025),
(1240, 'Sep', 0, 172, 71, 2025),
(1241, 'Oct', 0, 172, 71, 2025),
(1242, 'Nov', 0, 172, 71, 2025),
(1243, 'Dec', 0, 172, 71, 2025),
(1244, 'Jan', 1, 175, 72, 2023),
(1245, 'Feb', 1, 175, 72, 2023),
(1246, 'Mar', 1, 175, 72, 2023),
(1247, 'Apr', 1, 175, 72, 2023),
(1248, 'May', 1, 175, 72, 2023),
(1249, 'Jun', 1, 175, 72, 2023),
(1250, 'July', 1, 175, 72, 2023),
(1251, 'Aug', 1, 175, 72, 2023),
(1252, 'Sep', 1, 175, 72, 2023),
(1253, 'Oct', 1, 175, 72, 2023),
(1254, 'Nov', 1, 175, 72, 2023),
(1255, 'Dec', 1, 175, 72, 2023),
(1256, 'Jan', 0, 178, 73, 2024),
(1257, 'Feb', 0, 178, 73, 2024),
(1258, 'Mar', 0, 178, 73, 2024),
(1259, 'Apr', 0, 178, 73, 2024),
(1260, 'May', 0, 178, 73, 2024),
(1261, 'Jun', 0, 178, 73, 2024),
(1262, 'July', 0, 178, 73, 2024),
(1263, 'Aug', 0, 178, 73, 2024),
(1264, 'Sep', 0, 178, 73, 2024),
(1265, 'Oct', 0, 178, 73, 2024),
(1266, 'Nov', 0, 178, 73, 2024),
(1267, 'Dec', 0, 178, 73, 2024),
(1268, 'Jan', 10, 181, 74, 2024),
(1269, 'Feb', 10, 181, 74, 2024),
(1270, 'Mar', 10, 181, 74, 2024),
(1271, 'Apr', 10, 181, 74, 2024),
(1272, 'May', 10, 181, 74, 2024),
(1273, 'Jun', 10, 181, 74, 2024),
(1274, 'July', 10, 181, 74, 2024),
(1275, 'Aug', 10, 181, 74, 2024),
(1276, 'Sep', 10, 181, 74, 2024),
(1277, 'Oct', 10, 181, 74, 2024),
(1278, 'Nov', 10, 181, 74, 2024),
(1279, 'Dec', 10, 181, 74, 2024);

-- --------------------------------------------------------

--
-- Table structure for table `nus_calenderquarter`
--

CREATE TABLE `nus_calenderquarter` (
  `querterid` int NOT NULL,
  `quarters` varchar(50) COLLATE utf8mb4_general_ci NOT NULL,
  `clicks` int NOT NULL,
  `tradeid` int NOT NULL,
  `supplierid` int NOT NULL,
  `yearoftrade` int NOT NULL
) ENGINE=InnoDB DEFAULT CHARSET=utf8mb4 COLLATE=utf8mb4_general_ci;

--
-- Dumping data for table `nus_calenderquarter`
--

INSERT INTO `nus_calenderquarter` (`querterid`, `quarters`, `clicks`, `tradeid`, `supplierid`, `yearoftrade`) VALUES
(1, 'q1', 2, 2, 1, 2022),
(2, 'q2', 2, 2, 1, 2022),
(3, 'q3', 2, 2, 1, 2022),
(4, 'q4', 2, 2, 1, 2022),
(5, 'q1', 2, 2, 1, 2023),
(6, 'q2', 2, 2, 1, 2023),
(7, 'q3', 2, 2, 1, 2023),
(8, 'q4', 2, 2, 1, 2023),
(9, 'q1', 2, 2, 1, 2024),
(10, 'q2', 2, 2, 1, 2024),
(11, 'q3', 2, 2, 1, 2024),
(12, 'q4', 2, 2, 1, 2024),
(13, 'q1', 2, 5, 2, 2025),
(14, 'q2', 2, 5, 2, 2025),
(15, 'q3', 2, 5, 2, 2025),
(16, 'q4', 2, 5, 2, 2025),
(17, 'q1', 998, 8, 4, 2023),
(18, 'q2', 998, 8, 4, 2023),
(19, 'q3', 997, 8, 4, 2023),
(20, 'q4', 997, 8, 4, 2023),
(21, 'q1', 999, 11, 5, 2024),
(22, 'q2', 999, 11, 5, 2024),
(23, 'q3', 999, 11, 5, 2024),
(24, 'q4', 999, 11, 5, 2024),
(25, 'q1', 999, 15, 7, 2023),
(26, 'q2', 999, 15, 7, 2023),
(27, 'q3', 999, 15, 7, 2023),
(28, 'q4', 999, 15, 7, 2023),
(29, 'q1', 999, 18, 8, 2024),
(30, 'q2', 999, 18, 8, 2024),
(31, 'q3', 999, 18, 8, 2024),
(32, 'q4', 999, 18, 8, 2024),
(33, 'q1', 999, 21, 9, 2025),
(34, 'q2', 999, 21, 9, 2025),
(35, 'q3', 999, 21, 9, 2025),
(36, 'q4', 999, 21, 9, 2025),
(37, 'q1', 999, 24, 10, 2026),
(38, 'q2', 999, 24, 10, 2026),
(39, 'q3', 999, 24, 10, 2026),
(40, 'q4', 999, 24, 10, 2026),
(41, 'q1', 999, 27, 11, 2027),
(42, 'q2', 999, 27, 11, 2027),
(43, 'q3', 999, 27, 11, 2027),
(44, 'q4', 999, 27, 11, 2027),
(65, 'q1', 20, 38, 15, 2022),
(66, 'q2', 20, 38, 15, 2022),
(67, 'q3', 20, 38, 15, 2022),
(68, 'q4', 20, 38, 15, 2022),
(69, 'q1', 20, 38, 15, 2023),
(70, 'q2', 19, 38, 15, 2023),
(71, 'q3', 18, 38, 15, 2023),
(72, 'q4', 19, 38, 15, 2023),
(73, 'q1', 20, 38, 15, 2024),
(74, 'q2', 20, 38, 15, 2024),
(75, 'q3', 20, 38, 15, 2024),
(76, 'q4', 20, 38, 15, 2024),
(77, 'q1', 4, 41, 17, 2022),
(78, 'q2', 4, 41, 17, 2022),
(79, 'q3', 4, 41, 17, 2022),
(80, 'q4', 4, 41, 17, 2022),
(81, 'q1', 4, 41, 17, 2023),
(82, 'q2', 4, 41, 17, 2023),
(83, 'q3', 4, 41, 17, 2023),
(84, 'q4', 4, 41, 17, 2023),
(85, 'q1', 4, 41, 17, 2024),
(86, 'q2', 4, 41, 17, 2024),
(87, 'q3', 4, 41, 17, 2024),
(88, 'q4', 4, 41, 17, 2024),
(89, 'q2', 11, 46, 18, 2023),
(90, 'q3', 11, 46, 18, 2023),
(91, 'q4', 11, 46, 18, 2023),
(92, 'q1', 11, 46, 18, 2024),
(93, 'q1', 98, 49, 23, 2022),
(94, 'q2', 98, 49, 23, 2022),
(95, 'q3', 98, 49, 23, 2022),
(96, 'q4', 97, 49, 23, 2022),
(97, 'q1', 98, 49, 23, 2023),
(98, 'q2', 98, 49, 23, 2023),
(99, 'q3', 98, 49, 23, 2023),
(100, 'q4', 98, 49, 23, 2023),
(101, 'q1', 99, 49, 23, 2024),
(102, 'q2', 99, 49, 23, 2024),
(103, 'q3', 99, 49, 23, 2024),
(104, 'q4', 99, 49, 23, 2024),
(105, 'q2', 5, 53, 25, 2023),
(106, 'q3', 3, 53, 25, 2023),
(107, 'q4', 5, 53, 25, 2023),
(108, 'q1', 6, 53, 25, 2024),
(109, 'q1', 999, 56, 26, 2022),
(110, 'q2', 999, 56, 26, 2022),
(111, 'q3', 999, 56, 26, 2022),
(112, 'q4', 999, 56, 26, 2022),
(113, 'q1', 998, 56, 26, 2023),
(114, 'q2', 998, 56, 26, 2023),
(115, 'q3', 999, 56, 26, 2023),
(116, 'q4', 999, 56, 26, 2023),
(117, 'q1', 6, 59, 27, 2021),
(118, 'q2', 6, 59, 27, 2021),
(119, 'q3', 5, 59, 27, 2021),
(120, 'q4', 5, 59, 27, 2021),
(121, 'q1', 4, 59, 27, 2022),
(122, 'q2', 3, 59, 27, 2022),
(123, 'q3', 3, 59, 27, 2022),
(124, 'q4', 2, 59, 27, 2022),
(125, 'q1', 4, 59, 27, 2023),
(126, 'q2', 4, 59, 27, 2023),
(127, 'q3', 4, 59, 27, 2023),
(128, 'q4', 6, 59, 27, 2023),
(129, 'q1', 5, 62, 28, 2024),
(130, 'q2', 5, 62, 28, 2024),
(131, 'q3', 5, 62, 28, 2024),
(132, 'q4', 5, 62, 28, 2024),
(133, 'q1', 5, 62, 28, 2025),
(134, 'q2', 5, 62, 28, 2025),
(135, 'q3', 5, 62, 28, 2025),
(136, 'q4', 5, 62, 28, 2025),
(137, 'q1', 999, 65, 29, 2024),
(138, 'q2', 999, 65, 29, 2024),
(139, 'q3', 999, 65, 29, 2024),
(140, 'q4', 999, 65, 29, 2024),
(141, 'q1', 999, 65, 29, 2025),
(142, 'q2', 999, 65, 29, 2025),
(143, 'q3', 999, 65, 29, 2025),
(144, 'q4', 999, 65, 29, 2025),
(145, 'q1', 999, 68, 30, 2025),
(146, 'q2', 999, 68, 30, 2025),
(147, 'q3', 999, 68, 30, 2025),
(148, 'q4', 999, 68, 30, 2025),
(149, 'q2', 6, 71, 31, 2025),
(150, 'q3', 6, 71, 31, 2025),
(151, 'q4', 6, 71, 31, 2025),
(152, 'q1', 6, 71, 31, 2026),
(153, 'q2', 7, 71, 31, 2026),
(154, 'q3', 7, 71, 31, 2026),
(155, 'q4', 7, 71, 31, 2026),
(156, 'q1', 7, 71, 31, 2027),
(157, 'q1', 999, 74, 32, 2026),
(158, 'q2', 999, 74, 32, 2026),
(159, 'q3', 999, 74, 32, 2026),
(160, 'q4', 999, 74, 32, 2026),
(161, 'q1', 999, 77, 33, 2027),
(162, 'q2', 999, 77, 33, 2027),
(163, 'q3', 999, 77, 33, 2027),
(164, 'q4', 999, 77, 33, 2027),
(165, 'q1', 5, 80, 34, 2021),
(166, 'q2', 5, 80, 34, 2021),
(167, 'q3', 5, 80, 34, 2021),
(168, 'q4', 5, 80, 34, 2021),
(169, 'q1', 5, 80, 34, 2022),
(170, 'q2', 5, 80, 34, 2022),
(171, 'q3', 5, 80, 34, 2022),
(172, 'q4', 5, 80, 34, 2022),
(173, 'q1', 4, 80, 34, 2023),
(174, 'q2', 4, 80, 34, 2023),
(175, 'q3', 4, 80, 34, 2023),
(176, 'q4', 4, 80, 34, 2023),
(177, 'q1', 20, 83, 35, 2021),
(178, 'q2', 20, 83, 35, 2021),
(179, 'q3', 20, 83, 35, 2021),
(180, 'q4', 20, 83, 35, 2021),
(181, 'q1', 20, 83, 35, 2022),
(182, 'q2', 20, 83, 35, 2022),
(183, 'q3', 20, 83, 35, 2022),
(184, 'q4', 20, 83, 35, 2022),
(185, 'q1', 20, 83, 35, 2023),
(186, 'q2', 20, 83, 35, 2023),
(187, 'q3', 20, 83, 35, 2023),
(188, 'q4', 20, 83, 35, 2023),
(189, 'q1', 20, 83, 35, 2024),
(190, 'q2', 20, 83, 35, 2024),
(191, 'q3', 20, 83, 35, 2024),
(192, 'q4', 20, 83, 35, 2024),
(193, 'q3', 4, 86, 36, 2021),
(194, 'q4', 4, 86, 36, 2021),
(195, 'q1', 4, 86, 36, 2022),
(196, 'q2', 4, 86, 36, 2022),
(197, 'q3', 4, 86, 36, 2022),
(198, 'q4', 4, 86, 36, 2022),
(199, 'q1', 4, 86, 36, 2023),
(200, 'q2', 4, 86, 36, 2023),
(201, 'q3', 4, 86, 36, 2023),
(202, 'q4', 4, 86, 36, 2023),
(203, 'q1', 4, 86, 36, 2024),
(204, 'q2', 4, 86, 36, 2024),
(205, 'q3', 4, 86, 36, 2024),
(206, 'q4', 4, 86, 36, 2024),
(207, 'q1', 8, 89, 37, 2023),
(208, 'q2', 8, 89, 37, 2023),
(209, 'q3', 9, 89, 37, 2023),
(210, 'q4', 8, 89, 37, 2023),
(211, 'q1', 10, 89, 37, 2024),
(212, 'q2', 10, 89, 37, 2024),
(213, 'q3', 10, 89, 37, 2024),
(214, 'q4', 9, 89, 37, 2024),
(215, 'q1', 10, 89, 37, 2025),
(216, 'q2', 10, 89, 37, 2025),
(217, 'q3', 10, 89, 37, 2025),
(218, 'q4', 10, 89, 37, 2025),
(219, 'q1', 4, 92, 38, 2023),
(220, 'q2', 4, 92, 38, 2023),
(221, 'q3', 4, 92, 38, 2023),
(222, 'q4', 4, 92, 38, 2023),
(223, 'q1', 20, 95, 39, 2022),
(224, 'q2', 20, 95, 39, 2022),
(225, 'q3', 20, 95, 39, 2022),
(226, 'q4', 20, 95, 39, 2022),
(227, 'q1', 18, 95, 39, 2023),
(228, 'q2', 19, 95, 39, 2023),
(229, 'q3', 18, 95, 39, 2023),
(230, 'q4', 19, 95, 39, 2023),
(231, 'q1', 20, 98, 40, 2021),
(232, 'q2', 20, 98, 40, 2021),
(233, 'q3', 20, 98, 40, 2021),
(234, 'q4', 20, 98, 40, 2021),
(235, 'q1', 20, 98, 40, 2022),
(236, 'q2', 20, 98, 40, 2022),
(237, 'q3', 20, 98, 40, 2022),
(238, 'q4', 20, 98, 40, 2022),
(239, 'q1', 20, 98, 40, 2023),
(240, 'q2', 20, 98, 40, 2023),
(241, 'q3', 20, 98, 40, 2023),
(242, 'q4', 20, 98, 40, 2023),
(243, 'q1', 0, 101, 41, 2023),
(244, 'q2', 0, 101, 41, 2023),
(245, 'q3', 0, 101, 41, 2023),
(246, 'q4', 0, 101, 41, 2023),
(247, 'q3', 6, 104, 42, 2022),
(248, 'q4', 6, 104, 42, 2022),
(249, 'q1', 6, 104, 42, 2023),
(250, 'q2', 5, 104, 42, 2023),
(251, 'q3', 5, 104, 42, 2023),
(252, 'q4', 6, 104, 42, 2023),
(253, 'q1', 6, 104, 42, 2024),
(254, 'q2', 5, 104, 42, 2024),
(255, 'q3', 5, 104, 42, 2024),
(256, 'q4', 5, 104, 42, 2024),
(257, 'q1', 5, 104, 42, 2025),
(258, 'q3', 4, 107, 43, 2021),
(259, 'q4', 4, 107, 43, 2021),
(260, 'q1', 4, 107, 43, 2022),
(261, 'q2', 4, 107, 43, 2022),
(262, 'q3', 4, 107, 43, 2022),
(263, 'q4', 4, 107, 43, 2022),
(264, 'q1', 4, 107, 43, 2023),
(265, 'q2', 4, 107, 43, 2023),
(266, 'q3', 4, 107, 43, 2023),
(267, 'q4', 4, 107, 43, 2023),
(268, 'q1', 4, 107, 43, 2024),
(269, 'q2', 4, 107, 43, 2024),
(270, 'q3', 4, 107, 43, 2024),
(271, 'q4', 4, 107, 43, 2024),
(272, 'q3', 4, 110, 44, 2021),
(273, 'q4', 4, 110, 44, 2021),
(274, 'q1', 4, 110, 44, 2022),
(275, 'q2', 4, 110, 44, 2022),
(276, 'q3', 4, 110, 44, 2022),
(277, 'q4', 4, 110, 44, 2022),
(278, 'q1', 4, 110, 44, 2023),
(279, 'q2', 4, 110, 44, 2023),
(280, 'q3', 4, 110, 44, 2023),
(281, 'q4', 4, 110, 44, 2023),
(282, 'q1', 4, 110, 44, 2024),
(283, 'q2', 4, 110, 44, 2024),
(284, 'q3', 4, 110, 44, 2024),
(285, 'q4', 4, 110, 44, 2024),
(286, 'q3', 4, 113, 45, 2021),
(287, 'q4', 4, 113, 45, 2021),
(288, 'q1', 4, 113, 45, 2022),
(289, 'q2', 4, 113, 45, 2022),
(290, 'q3', 4, 113, 45, 2022),
(291, 'q4', 4, 113, 45, 2022),
(292, 'q1', 4, 113, 45, 2023),
(293, 'q2', 4, 113, 45, 2023),
(294, 'q3', 4, 113, 45, 2023),
(295, 'q4', 4, 113, 45, 2023),
(296, 'q1', 4, 113, 45, 2024),
(297, 'q2', 4, 113, 45, 2024),
(298, 'q3', 4, 113, 45, 2024),
(299, 'q4', 4, 113, 45, 2024),
(300, 'q1', 998, 116, 46, 2023),
(301, 'q2', 998, 116, 46, 2023),
(302, 'q3', 997, 116, 46, 2023),
(303, 'q4', 997, 116, 46, 2023),
(304, 'q1', 999, 116, 46, 2024),
(305, 'q2', 999, 116, 46, 2024),
(306, 'q3', 999, 116, 46, 2024),
(307, 'q4', 999, 116, 46, 2024),
(308, 'q1', 999, 116, 46, 2025),
(309, 'q2', 999, 116, 46, 2025),
(310, 'q3', 999, 116, 46, 2025),
(311, 'q4', 999, 116, 46, 2025),
(312, 'q1', 3, 119, 47, 2021),
(313, 'q2', 3, 119, 47, 2021),
(314, 'q3', 3, 119, 47, 2021),
(315, 'q4', 3, 119, 47, 2021),
(316, 'q1', 3, 119, 47, 2022),
(317, 'q2', 3, 119, 47, 2022),
(318, 'q3', 3, 119, 47, 2022),
(319, 'q4', 3, 119, 47, 2022),
(320, 'q1', 3, 119, 47, 2023),
(321, 'q2', 3, 119, 47, 2023),
(322, 'q3', 3, 119, 47, 2023),
(323, 'q4', 3, 119, 47, 2023),
(324, 'q1', 5, 122, 48, 2022),
(325, 'q2', 5, 122, 48, 2022),
(326, 'q3', 5, 122, 48, 2022),
(327, 'q4', 5, 122, 48, 2022),
(328, 'q1', 3, 122, 48, 2023),
(329, 'q2', 5, 122, 48, 2023),
(330, 'q3', 5, 122, 48, 2023),
(331, 'q4', 5, 122, 48, 2023),
(332, 'q3', 4, 125, 52, 2021),
(333, 'q4', 4, 125, 52, 2021),
(334, 'q1', 4, 125, 52, 2022),
(335, 'q2', 4, 125, 52, 2022),
(336, 'q3', 4, 125, 52, 2022),
(337, 'q4', 4, 125, 52, 2022),
(338, 'q1', 4, 125, 52, 2023),
(339, 'q2', 4, 125, 52, 2023),
(340, 'q3', 4, 125, 52, 2023),
(341, 'q4', 4, 125, 52, 2023),
(342, 'q1', 4, 125, 52, 2024),
(343, 'q2', 4, 125, 52, 2024),
(344, 'q3', 4, 125, 52, 2024),
(345, 'q4', 4, 125, 52, 2024),
(346, 'q1', 0, 129, 57, 2023),
(347, 'q2', 0, 129, 57, 2023),
(348, 'q3', 0, 129, 57, 2023),
(349, 'q4', 0, 129, 57, 2023),
(354, 'q1', 5, 135, 58, 2022),
(355, 'q2', 5, 135, 58, 2022),
(356, 'q3', 5, 135, 58, 2022),
(357, 'q4', 5, 135, 58, 2022),
(358, 'q1', 2, 135, 58, 2023),
(359, 'q2', 5, 135, 58, 2023),
(360, 'q3', 5, 135, 58, 2023),
(361, 'q4', 5, 135, 58, 2023),
(362, 'q1', 5, 138, 59, 2022),
(363, 'q2', 5, 138, 59, 2022),
(364, 'q3', 5, 138, 59, 2022),
(365, 'q4', 5, 138, 59, 2022),
(366, 'q1', 4, 138, 59, 2023),
(367, 'q2', 3, 138, 59, 2023),
(368, 'q3', 2, 138, 59, 2023),
(369, 'q4', 3, 138, 59, 2023),
(370, 'q1', 10, 141, 61, 2024),
(371, 'q2', 10, 141, 61, 2024),
(372, 'q3', 10, 141, 61, 2024),
(373, 'q4', 10, 141, 61, 2024),
(374, 'q1', 10, 141, 61, 2025),
(375, 'q2', 10, 141, 61, 2025),
(376, 'q3', 10, 141, 61, 2025),
(377, 'q4', 10, 141, 61, 2025),
(378, 'q3', 6, 144, 62, 2022),
(379, 'q4', 6, 144, 62, 2022),
(380, 'q1', 6, 144, 62, 2023),
(381, 'q2', 4, 144, 62, 2023),
(382, 'q3', 5, 144, 62, 2023),
(383, 'q4', 6, 144, 62, 2023),
(384, 'q1', 6, 144, 62, 2024),
(385, 'q2', 5, 144, 62, 2024),
(386, 'q3', 5, 144, 62, 2024),
(387, 'q4', 5, 144, 62, 2024),
(388, 'q1', 5, 144, 62, 2025),
(389, 'q2', 6, 147, 63, 2025),
(390, 'q3', 6, 147, 63, 2025),
(391, 'q4', 6, 147, 63, 2025),
(392, 'q1', 6, 147, 63, 2026),
(393, 'q2', 7, 147, 63, 2026),
(394, 'q3', 7, 147, 63, 2026),
(395, 'q4', 7, 147, 63, 2026),
(396, 'q1', 7, 147, 63, 2027),
(397, 'q1', 2, 150, 64, 2025),
(398, 'q2', 2, 150, 64, 2025),
(399, 'q3', 2, 150, 64, 2025),
(400, 'q4', 2, 150, 64, 2025),
(401, 'q2', 5, 153, 65, 2023),
(402, 'q3', 4, 153, 65, 2023),
(403, 'q4', 5, 153, 65, 2023),
(404, 'q1', 6, 153, 65, 2024),
(405, 'q1', 0, 156, 66, 2024),
(406, 'q2', 0, 156, 66, 2024),
(407, 'q3', 0, 156, 66, 2024),
(408, 'q4', 0, 156, 66, 2024),
(409, 'q1', 0, 156, 66, 2025),
(410, 'q2', 0, 156, 66, 2025),
(411, 'q3', 0, 156, 66, 2025),
(412, 'q4', 0, 156, 66, 2025),
(413, 'q1', 3, 159, 67, 2023),
(414, 'q2', 2, 159, 67, 2023),
(415, 'q3', 2, 159, 67, 2023),
(416, 'q4', 2, 159, 67, 2023),
(417, 'q1', 0, 162, 68, 2024),
(418, 'q2', 0, 162, 68, 2024),
(419, 'q3', 0, 162, 68, 2024),
(420, 'q4', 0, 162, 68, 2024),
(421, 'q1', 0, 162, 68, 2025),
(422, 'q2', 0, 162, 68, 2025),
(423, 'q3', 0, 162, 68, 2025),
(424, 'q4', 0, 162, 68, 2025),
(425, 'q1', 9, 165, 69, 2024),
(426, 'q2', 10, 165, 69, 2024),
(427, 'q3', 10, 165, 69, 2024),
(428, 'q4', 10, 165, 69, 2024),
(429, 'q1', 10, 165, 69, 2025),
(430, 'q2', 10, 165, 69, 2025),
(431, 'q3', 10, 165, 69, 2025),
(432, 'q4', 10, 165, 69, 2025),
(433, 'q1', 2, 168, 70, 2023),
(434, 'q2', 0, 168, 70, 2023),
(435, 'q3', 1, 168, 70, 2023),
(436, 'q4', 2, 168, 70, 2023),
(437, 'q1', 3, 171, 71, 2024),
(438, 'q2', 4, 171, 71, 2024),
(439, 'q3', 4, 171, 71, 2024),
(440, 'q4', 4, 171, 71, 2024),
(441, 'q1', 4, 171, 71, 2025),
(442, 'q2', 4, 171, 71, 2025),
(443, 'q3', 4, 171, 71, 2025),
(444, 'q4', 4, 171, 71, 2025),
(445, 'q1', 1, 174, 72, 2023),
(446, 'q2', 1, 174, 72, 2023),
(447, 'q3', 1, 174, 72, 2023),
(448, 'q4', 1, 174, 72, 2023),
(449, 'q1', 1, 177, 73, 2024),
(450, 'q2', 1, 177, 73, 2024),
(451, 'q3', 1, 177, 73, 2024),
(452, 'q4', 1, 177, 73, 2024),
(453, 'q1', 10, 180, 74, 2024),
(454, 'q2', 10, 180, 74, 2024),
(455, 'q3', 10, 180, 74, 2024),
(456, 'q4', 10, 180, 74, 2024);

-- --------------------------------------------------------

--
-- Table structure for table `nus_calenderyear`
--

CREATE TABLE `nus_calenderyear` (
  `calenderId` int NOT NULL,
  `calenderyear` int NOT NULL,
  `clicks` int NOT NULL,
  `tradeId` int NOT NULL,
  `supplierid` int NOT NULL,
  `timeperiod` text COLLATE utf8mb4_general_ci NOT NULL
) ENGINE=InnoDB DEFAULT CHARSET=utf8mb4 COLLATE=utf8mb4_general_ci;

--
-- Dumping data for table `nus_calenderyear`
--

INSERT INTO `nus_calenderyear` (`calenderId`, `calenderyear`, `clicks`, `tradeId`, `supplierid`, `timeperiod`) VALUES
(1, 2022, 2, 1, 1, '2022-1-01,2022-12-01'),
(2, 2023, 0, 1, 1, '2023-1-01,2023-12-01'),
(3, 2024, 0, 1, 1, '2024-1-01,2024-12-01'),
(4, 2025, 1, 4, 2, '2025-1-01,2025-12-01'),
(5, 2023, 999, 7, 4, '2023-1-01,2023-12-01'),
(6, 2024, 997, 10, 5, '2024-1-01,2024-12-01'),
(7, 2023, 997, 14, 7, '2023-1-01,2023-12-01'),
(8, 2024, 997, 17, 8, '2024-1-01,2024-12-01'),
(9, 2025, 999, 20, 9, '2025-1-01,2025-12-01'),
(10, 2026, 999, 23, 10, '2026-1-01,2026-12-01'),
(11, 2027, 999, 26, 11, '2027-1-01,2027-12-01'),
(16, 2022, 20, 37, 15, '2022-1-01,2022-12-01'),
(17, 2023, 20, 37, 15, '2023-1-01,2023-12-01'),
(18, 2024, 18, 37, 15, '2024-1-01,2024-12-01'),
(19, 2023, 0, 39, 16, '2023-1-01,2023-12-01'),
(20, 2023, 3, 40, 17, '2023-1-01,2023-12-01'),
(21, 2024, 2, 40, 17, '2024-1-01,2024-12-01'),
(22, 2022, 5, 42, 18, '2022-1-01,2022-12-01'),
(23, 2023, 4, 42, 18, '2023-1-01,2023-12-01'),
(24, 2024, 3, 42, 18, '2024-1-01,2024-12-01'),
(25, 2023, 0, 43, 19, '2023-1-01,2023-12-01'),
(26, 2024, 1, 44, 20, '2024-1-01,2024-12-01'),
(27, 2022, 99, 48, 23, '2022-1-01,2022-12-01'),
(28, 2023, 98, 48, 23, '2023-1-01,2023-12-01'),
(29, 2024, 96, 48, 23, '2024-1-01,2024-12-01'),
(31, 2022, 997, 55, 26, '2022-1-01,2022-12-01'),
(32, 2023, 993, 55, 26, '2023-1-01,2023-12-01'),
(33, 2021, 4, 58, 27, '2021-1-01,2021-12-01'),
(34, 2022, 4, 58, 27, '2022-1-01,2022-12-01'),
(35, 2023, 3, 58, 27, '2023-1-01,2023-12-01'),
(36, 2024, 4, 61, 28, '2024-1-01,2024-12-01'),
(37, 2025, 5, 61, 28, '2025-1-01,2025-12-01'),
(38, 2024, 998, 64, 29, '2024-1-01,2024-12-01'),
(39, 2025, 999, 64, 29, '2025-1-01,2025-12-01'),
(40, 2025, 998, 67, 30, '2025-1-01,2025-12-01'),
(41, 2026, 0, 70, 31, '2026-1-01,2026-12-01'),
(42, 2026, 998, 73, 32, '2026-1-01,2026-12-01'),
(43, 2027, 999, 76, 33, '2027-1-01,2027-12-01'),
(44, 2021, 5, 79, 34, '2021-1-01,2021-12-01'),
(45, 2022, 5, 79, 34, '2022-1-01,2022-12-01'),
(46, 2023, 3, 79, 34, '2023-1-01,2023-12-01'),
(47, 2021, 20, 82, 35, '2021-1-01,2021-12-01'),
(48, 2022, 20, 82, 35, '2022-1-01,2022-12-01'),
(49, 2023, 20, 82, 35, '2023-1-01,2023-12-01'),
(50, 2024, 16, 82, 35, '2024-1-01,2024-12-01'),
(51, 2022, 4, 85, 36, '2022-1-01,2022-12-01'),
(52, 2023, 4, 85, 36, '2023-1-01,2023-12-01'),
(53, 2024, 3, 85, 36, '2024-1-01,2024-12-01'),
(54, 2023, 9, 88, 37, '2023-1-01,2023-12-01'),
(55, 2024, 10, 88, 37, '2024-1-01,2024-12-01'),
(56, 2025, 10, 88, 37, '2025-1-01,2025-12-01'),
(57, 2023, 4, 91, 38, '2023-1-01,2023-12-01'),
(58, 2022, 20, 94, 39, '2022-1-01,2022-12-01'),
(59, 2023, 17, 94, 39, '2023-1-01,2023-12-01'),
(60, 2021, 20, 97, 40, '2021-1-01,2021-12-01'),
(61, 2022, 20, 97, 40, '2022-1-01,2022-12-01'),
(62, 2023, 17, 97, 40, '2023-1-01,2023-12-01'),
(63, 2023, 0, 100, 41, '2023-1-01,2023-12-01'),
(64, 2023, 0, 103, 42, '2023-1-01,2023-12-01'),
(65, 2024, 0, 103, 42, '2024-1-01,2024-12-01'),
(66, 2022, 4, 106, 43, '2022-1-01,2022-12-01'),
(67, 2023, 4, 106, 43, '2023-1-01,2023-12-01'),
(68, 2024, 3, 106, 43, '2024-1-01,2024-12-01'),
(69, 2022, 4, 109, 44, '2022-1-01,2022-12-01'),
(70, 2023, 4, 109, 44, '2023-1-01,2023-12-01'),
(71, 2024, 3, 109, 44, '2024-1-01,2024-12-01'),
(72, 2022, 4, 112, 45, '2022-1-01,2022-12-01'),
(73, 2023, 4, 112, 45, '2023-1-01,2023-12-01'),
(74, 2024, 4, 112, 45, '2024-1-01,2024-12-01'),
(75, 2023, 997, 115, 46, '2023-1-01,2023-12-01'),
(76, 2024, 999, 115, 46, '2024-1-01,2024-12-01'),
(77, 2025, 999, 115, 46, '2025-1-01,2025-12-01'),
(78, 2021, 8, 118, 47, '2021-1-01,2021-12-01'),
(79, 2022, 8, 118, 47, '2022-1-01,2022-12-01'),
(80, 2023, 0, 118, 47, '2023-1-01,2023-12-01'),
(81, 2022, 5, 121, 48, '2022-1-01,2022-12-01'),
(82, 2023, 5, 121, 48, '2023-1-01,2023-12-01'),
(83, 2022, 4, 124, 52, '2022-1-01,2022-12-01'),
(84, 2023, 4, 124, 52, '2023-1-01,2023-12-01'),
(85, 2024, 4, 124, 52, '2024-1-01,2024-12-01'),
(86, 2023, 1, 127, 53, '2023-1-01,2023-12-01'),
(87, 2023, 0, 128, 57, '2023-1-01,2023-12-01'),
(89, 2022, 5, 134, 58, '2022-1-01,2022-12-01'),
(90, 2023, 5, 134, 58, '2023-1-01,2023-12-01'),
(91, 2022, 5, 137, 59, '2022-1-01,2022-12-01'),
(92, 2023, 5, 137, 59, '2023-1-01,2023-12-01'),
(93, 2024, 10, 140, 61, '2024-1-01,2024-12-01'),
(94, 2025, 10, 140, 61, '2025-1-01,2025-12-01'),
(95, 2023, 0, 143, 62, '2023-1-01,2023-12-01'),
(96, 2024, 0, 143, 62, '2024-1-01,2024-12-01'),
(97, 2026, 0, 146, 63, '2026-1-01,2026-12-01'),
(98, 2025, 2, 149, 64, '2025-1-01,2025-12-01'),
(99, 2024, 3, 155, 66, '2024-1-01,2024-12-01'),
(100, 2025, 4, 155, 66, '2025-1-01,2025-12-01'),
(101, 2023, 4, 158, 67, '2023-1-01,2023-12-01'),
(102, 2024, 3, 161, 68, '2024-1-01,2024-12-01'),
(103, 2025, 4, 161, 68, '2025-1-01,2025-12-01'),
(104, 2024, 9, 164, 69, '2024-1-01,2024-12-01'),
(105, 2025, 10, 164, 69, '2025-1-01,2025-12-01'),
(106, 2023, 4, 167, 70, '2023-1-01,2023-12-01'),
(107, 2024, 3, 170, 71, '2024-1-01,2024-12-01'),
(108, 2025, 4, 170, 71, '2025-1-01,2025-12-01'),
(109, 2023, 0, 173, 72, '2023-1-01,2023-12-01'),
(110, 2024, 4, 176, 73, '2024-1-01,2024-12-01'),
(111, 2024, 10, 179, 74, '2024-1-01,2024-12-01');

-- --------------------------------------------------------

--
-- Table structure for table `nus_countries`
--

CREATE TABLE `nus_countries` (
  `countryId` int NOT NULL,
  `countryName` varchar(255) COLLATE utf8mb4_general_ci NOT NULL,
  `addedOn` datetime NOT NULL
) ENGINE=InnoDB DEFAULT CHARSET=utf8mb4 COLLATE=utf8mb4_general_ci;

--
-- Dumping data for table `nus_countries`
--

INSERT INTO `nus_countries` (`countryId`, `countryName`, `addedOn`) VALUES
(1, 'India', '2022-05-19 13:20:42'),
(2, 'Sri Lanka', '2022-05-19 13:20:42'),
(3, 'United Kingdom', '2022-07-20 15:40:12');

-- --------------------------------------------------------

--
-- Table structure for table `nus_currencies`
--

CREATE TABLE `nus_currencies` (
  `id` tinyint NOT NULL,
  `currencies` varchar(5) COLLATE utf8mb4_general_ci NOT NULL
) ENGINE=InnoDB DEFAULT CHARSET=utf8mb4 COLLATE=utf8mb4_general_ci;

--
-- Dumping data for table `nus_currencies`
--

INSERT INTO `nus_currencies` (`id`, `currencies`) VALUES
(3, 'AUD'),
(4, 'CAD'),
(5, 'CHF'),
(6, 'CZK'),
(12, 'DKK'),
(2, 'EUR'),
(7, 'GBP'),
(8, 'HUF'),
(9, 'PLN'),
(10, 'SEK'),
(11, 'SGD'),
(1, 'USD');

-- --------------------------------------------------------

--
-- Table structure for table `nus_electricity_index`
--

CREATE TABLE `nus_electricity_index` (
  `id` tinyint NOT NULL,
  `country` varchar(30) COLLATE utf8mb4_general_ci NOT NULL,
  `indexlist` varchar(50) COLLATE utf8mb4_general_ci NOT NULL
) ENGINE=InnoDB DEFAULT CHARSET=utf8mb4 COLLATE=utf8mb4_general_ci;

--
-- Dumping data for table `nus_electricity_index`
--

INSERT INTO `nus_electricity_index` (`id`, `country`, `indexlist`) VALUES
(1, 'Australia', 'ASX'),
(2, 'Austria', 'EEX/Austria'),
(3, 'Czech', 'EEX-PXE/Czechia'),
(4, 'Denmark', 'Nasdaq OMX/Denmark'),
(5, 'Finland', 'Nasdaq OMX/Finland'),
(6, 'France', 'EEX/France'),
(7, 'Germany', 'EEX/Deutschland'),
(8, 'Hungary', 'EEX-PXE/Hungary'),
(9, 'Hungary', 'PXE'),
(10, 'Italy', 'EEX/Italy'),
(11, 'Netherlands - Belgium\n', 'Ice Endex'),
(12, 'Norway', 'Nasdaq OMX/Norway'),
(13, 'Romania', 'OPCOM'),
(14, 'Slovakia', 'EEX-PXE/Slovakia'),
(15, 'Slovenia', 'EEX-PXE/Slovenia'),
(16, 'Spain - Portugal\n', 'OMIP'),
(17, 'Sweden ', 'Nasdaq OMX/Sweden'),
(18, 'Switzerland', 'EEX/Switzerland'),
(19, 'USA', 'CAISO NP-15 or SP-15'),
(20, 'USA', 'ERCOT North or Houston'),
(21, 'USA', 'Illinois Hub (MISO)'),
(22, 'USA', 'NEPOOL Internal Hub'),
(23, 'USA', 'NYISO Zone J (NYC area)'),
(24, 'USA', 'PJM Western Hub'),
(25, 'UK', 'OTC - NBP - UK'),
(26, 'UK', 'Futures - ICE - UK'),
(27, 'UK', 'N2EX Day-Ahead - UK'),
(28, 'Poland', 'TGE (EFM)');

-- --------------------------------------------------------

--
-- Table structure for table `nus_naturalgas_index`
--

CREATE TABLE `nus_naturalgas_index` (
  `id` tinyint NOT NULL,
  `countries` varchar(30) COLLATE utf8mb4_general_ci NOT NULL,
  `indexlist` varchar(50) COLLATE utf8mb4_general_ci NOT NULL
) ENGINE=InnoDB DEFAULT CHARSET=utf8mb4 COLLATE=utf8mb4_general_ci;

--
-- Dumping data for table `nus_naturalgas_index`
--

INSERT INTO `nus_naturalgas_index` (`id`, `countries`, `indexlist`) VALUES
(1, 'Hungary', 'CEEGEX'),
(2, 'Austria', 'CEGH VTP'),
(3, 'Czech', 'CZ VTP'),
(4, 'Denmark', 'ETF/Denmark'),
(5, 'Norway', 'ETF/Norway'),
(6, 'Sweden ', 'ETF/Sweden'),
(7, 'UK', 'Futures - ICE - UK'),
(8, 'UK', 'Heren Day-Ahead - UK'),
(9, 'USA - Mexico', 'HSC [Houston Ship Channel]'),
(10, 'Spain - Portugal', 'MIBGAS'),
(11, 'USA', 'NYMEX'),
(12, 'Romania', 'OPCOM'),
(13, 'UK', 'OTC - NBP - UK'),
(14, 'France', 'PEG'),
(15, 'Austria', 'PEGAS/CEGH VTP'),
(16, 'Italy', 'PSV'),
(17, 'Germany - Switzerland', 'THE/PEGAS'),
(18, 'Netherlands', 'TTF'),
(19, 'Poland', 'TGE (GFM)');

-- --------------------------------------------------------

--
-- Table structure for table `nus_pricing_mechanisam`
--

CREATE TABLE `nus_pricing_mechanisam` (
  `priMechId` int NOT NULL,
  `pricingMechName` varchar(128) COLLATE utf8mb4_general_ci NOT NULL,
  `priceMechDesc` varchar(255) COLLATE utf8mb4_general_ci NOT NULL,
  `addedOn` datetime NOT NULL
) ENGINE=InnoDB DEFAULT CHARSET=utf8mb4 COLLATE=utf8mb4_general_ci;

--
-- Dumping data for table `nus_pricing_mechanisam`
--

INSERT INTO `nus_pricing_mechanisam` (`priMechId`, `pricingMechName`, `priceMechDesc`, `addedOn`) VALUES
(1, 'Day Ahead', 'Spot Daily Market', '2022-05-23 13:07:28'),
(2, 'Day Ahead', 'Spot Average for month', '2022-05-23 13:08:14'),
(3, 'Month Ahead', 'Last Value', '2022-05-23 13:08:14'),
(4, 'Month Ahead', 'Average Value', '2022-05-23 13:09:07'),
(5, 'Quarter Ahead', 'Last Value', '2022-05-23 13:09:07'),
(6, 'Quarter Ahead', 'Average Value', '2022-05-23 13:09:46'),
(7, 'Calendar Ahead', 'Last Value', '2022-05-23 13:09:46');

-- --------------------------------------------------------

--
-- Table structure for table `nus_season`
--

CREATE TABLE `nus_season` (
  `seasonId` int NOT NULL,
  `tradeId` int NOT NULL,
  `yeartrade` int NOT NULL,
  `supplierId` int NOT NULL,
  `season` varchar(30) COLLATE utf8mb4_general_ci NOT NULL,
  `clicks` int NOT NULL
) ENGINE=InnoDB DEFAULT CHARSET=utf8mb4 COLLATE=utf8mb4_general_ci;

-- --------------------------------------------------------

--
-- Table structure for table `nus_supply_contract`
--

CREATE TABLE `nus_supply_contract` (
  `supplierId` int NOT NULL,
  `parentId` varchar(100) COLLATE utf8mb4_general_ci DEFAULT NULL,
  `clientId` int DEFAULT NULL,
  `contract_id` varchar(128) COLLATE utf8mb4_general_ci DEFAULT NULL,
  `countryName` varchar(64) COLLATE utf8mb4_general_ci DEFAULT NULL,
  `commodityName` varchar(64) COLLATE utf8mb4_general_ci DEFAULT NULL,
  `commodityUnits` varchar(32) COLLATE utf8mb4_general_ci DEFAULT NULL,
  `supplyName` varchar(255) COLLATE utf8mb4_general_ci DEFAULT NULL,
  `contractType` varchar(32) COLLATE utf8mb4_general_ci DEFAULT NULL,
  `contractIndexId` varchar(64) COLLATE utf8mb4_general_ci DEFAULT NULL,
  `contractTermfromDate` date DEFAULT NULL,
  `contractTermtoDate` date DEFAULT NULL,
  `commodityPrice` float(10,2) DEFAULT '0.00',
  `totalAnualConsumption` varchar(30) COLLATE utf8mb4_general_ci DEFAULT NULL,
  `totlconsumption` varchar(50) COLLATE utf8mb4_general_ci DEFAULT NULL,
  `allmonts` text COLLATE utf8mb4_general_ci,
  `contractpricetype` varchar(30) COLLATE utf8mb4_general_ci DEFAULT NULL,
  `indexStructureType` varchar(64) COLLATE utf8mb4_general_ci DEFAULT NULL,
  `consumMinsize` varchar(64) COLLATE utf8mb4_general_ci DEFAULT NULL,
  `clickTrancheminsize` int DEFAULT NULL,
  `openPrizemechanism` varchar(255) COLLATE utf8mb4_general_ci DEFAULT NULL,
  `contractstatus` varchar(16) COLLATE utf8mb4_general_ci NOT NULL DEFAULT 'A',
  `consumptionmonth` text COLLATE utf8mb4_general_ci,
  `hedgeconsumption` text COLLATE utf8mb4_general_ci,
  `openconsumption` text COLLATE utf8mb4_general_ci,
  `basegenconsumption` text COLLATE utf8mb4_general_ci,
  `effectcon` text COLLATE utf8mb4_general_ci
) ENGINE=InnoDB DEFAULT CHARSET=utf8mb4 COLLATE=utf8mb4_general_ci;

--
-- Dumping data for table `nus_supply_contract`
--

INSERT INTO `nus_supply_contract` (`supplierId`, `parentId`, `clientId`, `contract_id`, `countryName`, `commodityName`, `commodityUnits`, `supplyName`, `contractType`, `contractIndexId`, `contractTermfromDate`, `contractTermtoDate`, `commodityPrice`, `totalAnualConsumption`, `totlconsumption`, `allmonts`, `contractpricetype`, `indexStructureType`, `consumMinsize`, `clickTrancheminsize`, `openPrizemechanism`, `contractstatus`, `consumptionmonth`, `hedgeconsumption`, `openconsumption`, `basegenconsumption`, `effectcon`) VALUES
(1, 'AtlasEdge - International', 1, 'Roosevelt-elec-00001', 'Italy', 'electricity', '', 'Edison Energia SpA', 'indexed', 'EEX/Italy', '2022-01-01', '2024-12-31', 0.00, '9,869', '9869', '2022-1-01,2022-2-01,2022-3-01,2022-4-01,2022-5-01,2022-6-01,2022-7-01,2022-8-01,2022-9-01,2022-10-01,2022-11-01,2022-12-01,2023-1-01,2023-2-01,2023-3-01,2023-4-01,2023-5-01,2023-6-01,2023-7-01,2023-8-01,2023-9-01,2023-10-01,2023-11-01,2023-12-01,2024-1-01,2024-2-01,2024-3-01,2024-4-01,2024-5-01,2024-6-01,2024-7-01,2024-8-01,2024-9-01,2024-10-01,2024-11-01,2024-12-01', 'EUR', 'Consumption(MWh)', NULL, NULL, 'Day Ahead,Spot Daily Market', 'A', 'Jan-2022-797|Feb-2022-728|Mar-2022-801|Apr-2022-814|May-2022-853|Jun-2022-832|July-2022-883|Aug-2022-878|Sep-2022-837|Oct-2022-835|Nov-2022-803|Dec-2022-808|Jan-2023-797|Feb-2023-728|Mar-2023-801|Apr-2023-814|May-2023-853|Jun-2023-832|July-2023-883|Aug-2023-878|Sep-2023-837|Oct-2023-835|Nov-2023-803|Dec-2023-808|Jan-2024-797|Feb-2024-728|Mar-2024-801|Apr-2024-814|May-2024-853|Jun-2024-832|July-2024-883|Aug-2024-878|Sep-2024-837|Oct-2024-835|Nov-2024-803|Dec-2024-808', 'Jan-2022-0|Feb-2022-0|Mar-2022-0|Apr-2022-0|May-2022-0|Jun-2022-0|July-2022-0|Aug-2022-0|Sep-2022-0|Oct-2022-0|Nov-2022-0|Dec-2022-0|Jan-2023-797|Feb-2023-728|Mar-2023-801|Apr-2023-814|May-2023-853|Jun-2023-832|July-2023-883|Aug-2023-878|Sep-2023-837|Oct-2023-835|Nov-2023-803|Dec-2023-808|Jan-2024-797|Feb-2024-728|Mar-2024-801|Apr-2024-814|May-2024-853|Jun-2024-832|July-2024-883|Aug-2024-878|Sep-2024-837|Oct-2024-835|Nov-2024-803|Dec-2024-808', 'Jan-2022-797|Feb-2022-728|Mar-2022-801|Apr-2022-814|May-2022-853|Jun-2022-832|July-2022-883|Aug-2022-878|Sep-2022-837|Oct-2022-835|Nov-2022-803|Dec-2022-808|Jan-2023-0|Feb-2023-0|Mar-2023-0|Apr-2023-0|May-2023-0|Jun-2023-0|July-2023-0|Aug-2023-0|Sep-2023-0|Oct-2023-0|Nov-2023-0|Dec-2023-0|Jan-2024-0|Feb-2024-0|Mar-2024-0|Apr-2024-0|May-2024-0|Jun-2024-0|July-2024-0|Aug-2024-0|Sep-2024-0|Oct-2024-0|Nov-2024-0|Dec-2024-0', 'Jan-2022-0|Feb-2022-0|Mar-2022-0|Apr-2022-0|May-2022-0|Jun-2022-0|July-2022-0|Aug-2022-0|Sep-2022-0|Oct-2022-0|Nov-2022-0|Dec-2022-0|Jan-2023-0|Feb-2023-0|Mar-2023-0|Apr-2023-0|May-2023-0|Jun-2023-0|July-2023-0|Aug-2023-0|Sep-2023-0|Oct-2023-0|Nov-2023-0|Dec-2023-0|Jan-2024-0|Feb-2024-0|Mar-2024-0|Apr-2024-0|May-2024-0|Jun-2024-0|July-2024-0|Aug-2024-0|Sep-2024-0|Oct-2024-0|Nov-2024-0|Dec-2024-0', 'Jan-2022-0|Feb-2022-0|Mar-2022-0|Apr-2022-0|May-2022-0|Jun-2022-0|July-2022-0|Aug-2022-0|Sep-2022-0|Oct-2022-0|Nov-2022-0|Dec-2022-0|Jan-2023-0|Feb-2023-0|Mar-2023-0|Apr-2023-0|May-2023-0|Jun-2023-0|July-2023-0|Aug-2023-0|Sep-2023-0|Oct-2023-0|Nov-2023-0|Dec-2023-0|Jan-2024-0|Feb-2024-0|Mar-2024-0|Apr-2024-0|May-2024-0|Jun-2024-0|July-2024-0|Aug-2024-0|Sep-2024-0|Oct-2024-0|Nov-2024-0|Dec-2024-0'),
(3, 'AtlasEdge - International', 1, 'Roosevelt-gas-00003', 'Italy', 'natural gas', 'MWh', 'Edison Energia SpA', 'fixed', '', '2021-10-01', '2023-09-30', 26.88, '467', '467', '2021-10-01,2021-11-01,2021-12-01,2022-1-01,2022-2-01,2022-3-01,2022-4-01,2022-5-01,2022-6-01,2022-7-01,2022-8-01,2022-9-01,2022-10-01,2022-11-01,2022-12-01,2023-1-01,2023-2-01,2023-3-01,2023-4-01,2023-5-01,2023-6-01,2023-7-01,2023-8-01,2023-9-01', 'EUR', NULL, NULL, NULL, NULL, 'A', 'Oct-2021-0|Nov-2021-78|Dec-2021-93|Jan-2022-114|Feb-2022-81|Mar-2022-70|Apr-2022-31|May-2022-0|Jun-2022-0|July-2022-0|Aug-2022-0|Sep-2022-0|Oct-2022-0|Nov-2022-78|Dec-2022-93|Jan-2023-114|Feb-2023-81|Mar-2023-70|Apr-2023-31|May-2023-0|Jun-2023-0|July-2023-0|Aug-2023-0|Sep-2023-0', 'Oct-2021-0|Nov-2021-0|Dec-2021-0|Jan-2022-0|Feb-2022-0|Mar-2022-0|Apr-2022-0|May-2022-0|Jun-2022-0|July-2022-0|Aug-2022-0|Sep-2022-0|Oct-2022-0|Nov-2022-0|Dec-2022-0|Jan-2023-0|Feb-2023-0|Mar-2023-0|Apr-2023-0|May-2023-0|Jun-2023-0|July-2023-0|Aug-2023-0|Sep-2023-0', NULL, NULL, NULL),
(4, 'AtlasEdge - International', 2, 'Roosevelt-elec-00001', 'Netherlands', 'electricity', '', 'Vattenfall', 'indexed', 'Ice Endex', '2023-01-01', '2023-12-31', 0.00, '6,970', '6970', '2023-1-01,2023-2-01,2023-3-01,2023-4-01,2023-5-01,2023-6-01,2023-7-01,2023-8-01,2023-9-01,2023-10-01,2023-11-01,2023-12-01', 'EUR', 'Consumption(MWh)', NULL, NULL, 'Day Ahead,Spot Daily Market', 'A', 'Jan-2023-592|Feb-2023-535|Mar-2023-591|Apr-2023-572|May-2023-592|Jun-2023-573|July-2023-592|Aug-2023-592|Sep-2023-573|Oct-2023-593|Nov-2023-573|Dec-2023-592', 'Jan-2023-592|Feb-2023-535|Mar-2023-591|Apr-2023-572|May-2023-592|Jun-2023-573|July-2023-592|Aug-2023-592|Sep-2023-573|Oct-2023-593|Nov-2023-573|Dec-2023-592', 'Jan-2023-0|Feb-2023-0|Mar-2023-0|Apr-2023-0|May-2023-0|Jun-2023-0|July-2023-0|Aug-2023-0|Sep-2023-0|Oct-2023-0|Nov-2023-0|Dec-2023-0', 'Jan-2023-0|Feb-2023-0|Mar-2023-0|Apr-2023-0|May-2023-0|Jun-2023-0|July-2023-0|Aug-2023-0|Sep-2023-0|Oct-2023-0|Nov-2023-0|Dec-2023-0', 'Jan-2023-0|Feb-2023-0|Mar-2023-0|Apr-2023-0|May-2023-0|Jun-2023-0|July-2023-0|Aug-2023-0|Sep-2023-0|Oct-2023-0|Nov-2023-0|Dec-2023-0'),
(5, 'AtlasEdge - International', 2, 'Roosevelt-elec-00002', 'Netherlands', 'electricity', '', 'Vattenfall', 'indexed', 'Ice Endex', '2024-01-01', '2024-12-31', 0.00, '6,977', '6977', '2024-1-01,2024-2-01,2024-3-01,2024-4-01,2024-5-01,2024-6-01,2024-7-01,2024-8-01,2024-9-01,2024-10-01,2024-11-01,2024-12-01', 'EUR', 'Consumption(MWh)', NULL, NULL, 'Day Ahead,Spot Daily Market', 'A', 'Jan-2024-591|Feb-2024-553|Mar-2024-590|Apr-2024-572|May-2024-591|Jun-2024-571|July-2024-591|Aug-2024-591|Sep-2024-572|Oct-2024-592|Nov-2024-572|Dec-2024-591', 'Jan-2024-591|Feb-2024-553|Mar-2024-590|Apr-2024-572|May-2024-591|Jun-2024-571|July-2024-591|Aug-2024-591|Sep-2024-572|Oct-2024-592|Nov-2024-572|Dec-2024-591', 'Jan-2024-0|Feb-2024-0|Mar-2024-0|Apr-2024-0|May-2024-0|Jun-2024-0|July-2024-0|Aug-2024-0|Sep-2024-0|Oct-2024-0|Nov-2024-0|Dec-2024-0', 'Jan-2024-0|Feb-2024-0|Mar-2024-0|Apr-2024-0|May-2024-0|Jun-2024-0|July-2024-0|Aug-2024-0|Sep-2024-0|Oct-2024-0|Nov-2024-0|Dec-2024-0', 'Jan-2024-0|Feb-2024-0|Mar-2024-0|Apr-2024-0|May-2024-0|Jun-2024-0|July-2024-0|Aug-2024-0|Sep-2024-0|Oct-2024-0|Nov-2024-0|Dec-2024-0'),
(6, 'AtlasEdge - International', 2, 'Roosevelt-gas-00003', 'Netherlands', 'natural gas', 'MWh', 'Vattenfall', 'indexed', 'TTF', '2023-05-01', '2024-04-30', 0.00, '628', '628', '2023-5-01,2023-6-01,2023-7-01,2023-8-01,2023-9-01,2023-10-01,2023-11-01,2023-12-01,2024-1-01,2024-2-01,2024-3-01,2024-4-01', 'EUR', 'Consumption(MWh)', NULL, NULL, 'Day Ahead,Spot Daily Market', 'A', 'May-2023-52.33|Jun-2023-52.33|July-2023-52.33|Aug-2023-52.33|Sep-2023-52.33|Oct-2023-52.33|Nov-2023-52.33|Dec-2023-52.33|Jan-2024-52.34|Feb-2024-52.34|Mar-2024-52.34|Apr-2024-52.34', 'May-2023-0|Jun-2023-0|July-2023-0|Aug-2023-0|Sep-2023-0|Oct-2023-0|Nov-2023-0|Dec-2023-0|Jan-2024-0|Feb-2024-0|Mar-2024-0|Apr-2024-0', NULL, 'May-2023-0|Jun-2023-0|July-2023-0|Aug-2023-0|Sep-2023-0|Oct-2023-0|Nov-2023-0|Dec-2023-0|Jan-2024-0|Feb-2024-0|Mar-2024-0|Apr-2024-0', 'May-2023-0|Jun-2023-0|July-2023-0|Aug-2023-0|Sep-2023-0|Oct-2023-0|Nov-2023-0|Dec-2023-0|Jan-2024-0|Feb-2024-0|Mar-2024-0|Apr-2024-0'),
(7, 'AtlasEdge - International', 4, 'Roosevelt-elec-00001', 'Denmark', 'electricity', '', 'Energi Danmark A/S', 'indexed', 'Nasdaq OMX/Denmark', '2023-01-01', '2023-12-31', 0.00, '7,978', '7978', '2023-1-01,2023-2-01,2023-3-01,2023-4-01,2023-5-01,2023-6-01,2023-7-01,2023-8-01,2023-9-01,2023-10-01,2023-11-01,2023-12-01', 'DKK', 'Consumption(MWh)', NULL, NULL, 'Day Ahead,Spot Daily Market', 'A', 'Jan-2023-688.76|Feb-2023-613.99|Mar-2023-656.17|Apr-2023-624.45|May-2023-670.59|Jun-2023-654.77|July-2023-685.21|Aug-2023-701.75|Sep-2023-666.32|Oct-2023-673.88|Nov-2023-659.8|Dec-2023-682.12', 'Jan-2023-688.76|Feb-2023-613.99|Mar-2023-656.17|Apr-2023-624.45|May-2023-670.59|Jun-2023-654.77|July-2023-685.21|Aug-2023-701.75|Sep-2023-666.32|Oct-2023-673.88|Nov-2023-659.8|Dec-2023-682.12', 'Jan-2023--0.75999999999999|Feb-2023--0.99000000000001|Mar-2023--0.16999999999996|Apr-2023--0.45000000000005|May-2023--0.59000000000003|Jun-2023--0.76999999999998|July-2023--0.21000000000004|Aug-2023--0.75|Sep-2023--0.32000000000005|Oct-2023--0.88|Nov-2023--0.79999999999995|Dec-2023--0.12', 'Jan-2023-100|Feb-2023-100|Mar-2023-100|Apr-2023-100|May-2023-100|Jun-2023-100|July-2023-100|Aug-2023-100|Sep-2023-100|Oct-2023-100|Nov-2023-100|Dec-2023-100', 'Jan-2023-100|Feb-2023-100|Mar-2023-100|Apr-2023-100|May-2023-100|Jun-2023-100|July-2023-100|Aug-2023-100|Sep-2023-100|Oct-2023-100|Nov-2023-100|Dec-2023-100'),
(8, 'AtlasEdge - International', 4, 'Roosevelt-elec-00002', 'Denmark', 'electricity', '', 'Energi Danmark A/S', 'indexed', 'Nasdaq OMX/Denmark', '2024-01-01', '2024-12-31', 0.00, '7,978', '7978', '2024-1-01,2024-2-01,2024-3-01,2024-4-01,2024-5-01,2024-6-01,2024-7-01,2024-8-01,2024-9-01,2024-10-01,2024-11-01,2024-12-01', 'DKK', 'Consumption(MWh)', NULL, NULL, 'Day Ahead,Spot Daily Market', 'A', 'Jan-2024-688.76|Feb-2024-613.99|Mar-2024-656.17|Apr-2024-624.45|May-2024-670.59|Jun-2024-654.77|July-2024-685.21|Aug-2024-701.75|Sep-2024-666.32|Oct-2024-673.88|Nov-2024-659.8|Dec-2024-682.12', 'Jan-2024-688.76|Feb-2024-613.99|Mar-2024-656.17|Apr-2024-624.45|May-2024-670.59|Jun-2024-654.77|July-2024-685.21|Aug-2024-701.75|Sep-2024-666.32|Oct-2024-673.88|Nov-2024-659.8|Dec-2024-682.12', 'Jan-2024--0.75999999999999|Feb-2024--0.99000000000001|Mar-2024--0.16999999999996|Apr-2024--0.45000000000005|May-2024--0.59000000000003|Jun-2024--0.76999999999998|July-2024--0.21000000000004|Aug-2024--0.75|Sep-2024--0.32000000000005|Oct-2024--0.88|Nov-2024--0.79999999999995|Dec-2024--0.12', 'Jan-2024-0|Feb-2024-0|Mar-2024-0|Apr-2024-0|May-2024-0|Jun-2024-0|July-2024-0|Aug-2024-0|Sep-2024-0|Oct-2024-0|Nov-2024-0|Dec-2024-0', 'Jan-2024-0|Feb-2024-0|Mar-2024-0|Apr-2024-0|May-2024-0|Jun-2024-0|July-2024-0|Aug-2024-0|Sep-2024-0|Oct-2024-0|Nov-2024-0|Dec-2024-0'),
(15, 'AtlasEdge - International', 3, 'Roosevelt-elec-00001', 'Belgium', 'electricity', '', 'Luminus', 'indexed', 'Ice Endex', '2022-01-01', '2024-12-31', 0.00, '11,082', '11082', '2022-1-01,2022-2-01,2022-3-01,2022-4-01,2022-5-01,2022-6-01,2022-7-01,2022-8-01,2022-9-01,2022-10-01,2022-11-01,2022-12-01,2023-1-01,2023-2-01,2023-3-01,2023-4-01,2023-5-01,2023-6-01,2023-7-01,2023-8-01,2023-9-01,2023-10-01,2023-11-01,2023-12-01,2024-1-01,2024-2-01,2024-3-01,2024-4-01,2024-5-01,2024-6-01,2024-7-01,2024-8-01,2024-9-01,2024-10-01,2024-11-01,2024-12-01', 'EUR', 'Consumption(MWh)', NULL, NULL, 'Day Ahead,Spot Daily Market', 'A', 'Jan-2022-923.5|Feb-2022-923.5|Mar-2022-923.5|Apr-2022-923.5|May-2022-923.5|Jun-2022-923.5|July-2022-923.5|Aug-2022-923.5|Sep-2022-923.5|Oct-2022-923.5|Nov-2022-923.5|Dec-2022-923.5|Jan-2023-923.5|Feb-2023-923.5|Mar-2023-923.5|Apr-2023-923.5|May-2023-923.5|Jun-2023-923.5|July-2023-923.5|Aug-2023-923.5|Sep-2023-923.5|Oct-2023-923.5|Nov-2023-923.5|Dec-2023-923.5|Jan-2024-923.5|Feb-2024-923.5|Mar-2024-923.5|Apr-2024-923.5|May-2024-923.5|Jun-2024-923.5|July-2024-923.5|Aug-2024-923.5|Sep-2024-923.5|Oct-2024-923.5|Nov-2024-923.5|Dec-2024-923.5', 'Jan-2022-0|Feb-2022-0|Mar-2022-0|Apr-2022-0|May-2022-0|Jun-2022-0|July-2022-0|Aug-2022-0|Sep-2022-0|Oct-2022-0|Nov-2022-0|Dec-2022-0|Jan-2023-0|Feb-2023-0|Mar-2023-0|Apr-2023-923.5|May-2023-923.5|Jun-2023-923.5|July-2023-923.5|Aug-2023-923.5|Sep-2023-923.5|Oct-2023-923.5|Nov-2023-923.5|Dec-2023-923.5|Jan-2024-923.5|Feb-2024-923.5|Mar-2024-923.5|Apr-2024-923.5|May-2024-923.5|Jun-2024-923.5|July-2024-923.5|Aug-2024-923.5|Sep-2024-923.5|Oct-2024-923.5|Nov-2024-923.5|Dec-2024-923.5', 'Jan-2022-923|Feb-2022-923|Mar-2022-923|Apr-2022-923|May-2022-923|Jun-2022-923|July-2022-923|Aug-2022-923|Sep-2022-923|Oct-2022-923|Nov-2022-923|Dec-2022-923|Jan-2023-923|Feb-2023-923|Mar-2023-923|Apr-2023--0.5|May-2023--0.5|Jun-2023--0.5|July-2023--0.5|Aug-2023--0.5|Sep-2023--0.5|Oct-2023--0.5|Nov-2023--0.5|Dec-2023--0.5|Jan-2024--0.5|Feb-2024--0.5|Mar-2024--0.5|Apr-2024--0.5|May-2024--0.5|Jun-2024--0.5|July-2024--0.5|Aug-2024--0.5|Sep-2024--0.5|Oct-2024--0.5|Nov-2024--0.5|Dec-2024--0.5', 'Jan-2022-0|Feb-2022-0|Mar-2022-0|Apr-2022-0|May-2022-0|Jun-2022-0|July-2022-0|Aug-2022-0|Sep-2022-0|Oct-2022-0|Nov-2022-0|Dec-2022-0|Jan-2023-0|Feb-2023-0|Mar-2023-0|Apr-2023-0|May-2023-0|Jun-2023-0|July-2023-0|Aug-2023-0|Sep-2023-0|Oct-2023-0|Nov-2023-0|Dec-2023-0|Jan-2024-0|Feb-2024-0|Mar-2024-0|Apr-2024-0|May-2024-0|Jun-2024-0|July-2024-0|Aug-2024-0|Sep-2024-0|Oct-2024-0|Nov-2024-0|Dec-2024-0', 'Jan-2022-0|Feb-2022-0|Mar-2022-0|Apr-2022-0|May-2022-0|Jun-2022-0|July-2022-0|Aug-2022-0|Sep-2022-0|Oct-2022-0|Nov-2022-0|Dec-2022-0|Jan-2023-0|Feb-2023-0|Mar-2023-0|Apr-2023-0|May-2023-0|Jun-2023-0|July-2023-0|Aug-2023-0|Sep-2023-0|Oct-2023-0|Nov-2023-0|Dec-2023-0|Jan-2024-0|Feb-2024-0|Mar-2024-0|Apr-2024-0|May-2024-0|Jun-2024-0|July-2024-0|Aug-2024-0|Sep-2024-0|Oct-2024-0|Nov-2024-0|Dec-2024-0'),
(16, 'AtlasEdge - International', 3, 'Roosevelt-gas-00002', 'Belgium', 'natural gas', 'MWh', 'Engie', 'indexed', 'TTF', '2023-01-01', '2023-12-31', 0.00, '293', '293', '2023-1-01,2023-2-01,2023-3-01,2023-4-01,2023-5-01,2023-6-01,2023-7-01,2023-8-01,2023-9-01,2023-10-01,2023-11-01,2023-12-01', 'EUR', 'Consumption(MWh)', NULL, NULL, 'Day Ahead,Spot Daily Market', 'A', 'Jan-2023-24.42|Feb-2023-24.42|Mar-2023-24.42|Apr-2023-24.42|May-2023-24.42|Jun-2023-24.42|July-2023-24.42|Aug-2023-24.42|Sep-2023-24.42|Oct-2023-24.42|Nov-2023-24.42|Dec-2023-24.42', 'Jan-2023-0|Feb-2023-0|Mar-2023-0|Apr-2023-0|May-2023-0|Jun-2023-0|July-2023-0|Aug-2023-0|Sep-2023-0|Oct-2023-0|Nov-2023-0|Dec-2023-0', NULL, 'Jan-2023-0|Feb-2023-0|Mar-2023-0|Apr-2023-0|May-2023-0|Jun-2023-0|July-2023-0|Aug-2023-0|Sep-2023-0|Oct-2023-0|Nov-2023-0|Dec-2023-0', 'Jan-2023-0|Feb-2023-0|Mar-2023-0|Apr-2023-0|May-2023-0|Jun-2023-0|July-2023-0|Aug-2023-0|Sep-2023-0|Oct-2023-0|Nov-2023-0|Dec-2023-0'),
(17, 'AtlasEdge - International', 7, 'RS-elec-00001', 'Germany', 'electricity', '', 'Mainova AG', 'indexed', 'EEX/Deutschland', '2022-02-01', '2024-12-31', 0.00, '11,800', '11800', '2022-2-01,2022-3-01,2022-4-01,2022-5-01,2022-6-01,2022-7-01,2022-8-01,2022-9-01,2022-10-01,2022-11-01,2022-12-01,2023-1-01,2023-2-01,2023-3-01,2023-4-01,2023-5-01,2023-6-01,2023-7-01,2023-8-01,2023-9-01,2023-10-01,2023-11-01,2023-12-01,2024-1-01,2024-2-01,2024-3-01,2024-4-01,2024-5-01,2024-6-01,2024-7-01,2024-8-01,2024-9-01,2024-10-01,2024-11-01,2024-12-01', 'EUR', 'Consumption(MWh)', NULL, NULL, 'Month Ahead,Last Value', 'A', 'Feb-2022-983.33|Mar-2022-983.33|Apr-2022-983.33|May-2022-983.33|Jun-2022-983.33|July-2022-983.33|Aug-2022-983.33|Sep-2022-983.33|Oct-2022-983.33|Nov-2022-983.33|Dec-2022-983.33|Jan-2023-983.33|Feb-2023-983.33|Mar-2023-983.33|Apr-2023-983.33|May-2023-983.33|Jun-2023-983.33|July-2023-983.33|Aug-2023-983.33|Sep-2023-983.33|Oct-2023-983.33|Nov-2023-983.33|Dec-2023-983.33|Jan-2024-983.33|Feb-2024-983.33|Mar-2024-983.33|Apr-2024-983.33|May-2024-983.33|Jun-2024-983.33|July-2024-983.33|Aug-2024-983.33|Sep-2024-983.33|Oct-2024-983.33|Nov-2024-983.33|Dec-2024-983.33', 'Feb-2022-0|Mar-2022-0|Apr-2022-0|May-2022-0|Jun-2022-0|July-2022-0|Aug-2022-0|Sep-2022-0|Oct-2022-0|Nov-2022-0|Dec-2022-0|Jan-2023-982.5|Feb-2023-982.5|Mar-2023-982.5|Apr-2023-982.5|May-2023-982.5|Jun-2023-982.5|July-2023-982.5|Aug-2023-982.5|Sep-2023-982.5|Oct-2023-982.5|Nov-2023-982.5|Dec-2023-982.5|Jan-2024-983.33333333333|Feb-2024-983.33333333333|Mar-2024-983.33333333333|Apr-2024-983.33333333333|May-2024-983.33333333333|Jun-2024-983.33333333333|July-2024-983.33333333333|Aug-2024-983.33333333333|Sep-2024-983.33333333333|Oct-2024-983.33333333333|Nov-2024-983.33333333333|Dec-2024-983.33333333333', 'Feb-2022-983|Mar-2022-983|Apr-2022-983|May-2022-983|Jun-2022-983|July-2022-983|Aug-2022-983|Sep-2022-983|Oct-2022-983|Nov-2022-983|Dec-2022-983|Jan-2023-0.5|Feb-2023-0.5|Mar-2023-0.5|Apr-2023-0.5|May-2023-0.5|Jun-2023-0.5|July-2023-0.5|Aug-2023-0.5|Sep-2023-0.5|Oct-2023-0.5|Nov-2023-0.5|Dec-2023-0.5|Jan-2024--0.33333333332996|Feb-2024--0.33333333332996|Mar-2024--0.33333333332996|Apr-2024--0.33333333332996|May-2024--0.33333333332996|Jun-2024--0.33333333332996|July-2024--0.33333333332996|Aug-2024--0.33333333332996|Sep-2024--0.33333333332996|Oct-2024--0.33333333332996|Nov-2024--0.33333333332996|Dec-2024--0.33333333332996', 'Feb-2022-0|Mar-2022-0|Apr-2022-0|May-2022-0|Jun-2022-0|July-2022-0|Aug-2022-0|Sep-2022-0|Oct-2022-0|Nov-2022-0|Dec-2022-0|Jan-2023-0|Feb-2023-0|Mar-2023-0|Apr-2023-0|May-2023-0|Jun-2023-0|July-2023-0|Aug-2023-0|Sep-2023-0|Oct-2023-0|Nov-2023-0|Dec-2023-0|Jan-2024-0|Feb-2024-0|Mar-2024-0|Apr-2024-0|May-2024-0|Jun-2024-0|July-2024-0|Aug-2024-0|Sep-2024-0|Oct-2024-0|Nov-2024-0|Dec-2024-0', 'Feb-2022-0|Mar-2022-0|Apr-2022-0|May-2022-0|Jun-2022-0|July-2022-0|Aug-2022-0|Sep-2022-0|Oct-2022-0|Nov-2022-0|Dec-2022-0|Jan-2023-0|Feb-2023-0|Mar-2023-0|Apr-2023-0|May-2023-0|Jun-2023-0|July-2023-0|Aug-2023-0|Sep-2023-0|Oct-2023-0|Nov-2023-0|Dec-2023-0|Jan-2024-0|Feb-2024-0|Mar-2024-0|Apr-2024-0|May-2024-0|Jun-2024-0|July-2024-0|Aug-2024-0|Sep-2024-0|Oct-2024-0|Nov-2024-0|Dec-2024-0'),
(18, 'AtlasEdge - International', 8, 'Paul_s-elec-00001', 'Switzerland', 'electricity', '', 'EWZ', 'indexed', 'EEX/Switzerland', '2022-01-01', '2024-12-31', 0.00, '7,761', '7761', '2022-1-01,2022-2-01,2022-3-01,2022-4-01,2022-5-01,2022-6-01,2022-7-01,2022-8-01,2022-9-01,2022-10-01,2022-11-01,2022-12-01,2023-1-01,2023-2-01,2023-3-01,2023-4-01,2023-5-01,2023-6-01,2023-7-01,2023-8-01,2023-9-01,2023-10-01,2023-11-01,2023-12-01,2024-1-01,2024-2-01,2024-3-01,2024-4-01,2024-5-01,2024-6-01,2024-7-01,2024-8-01,2024-9-01,2024-10-01,2024-11-01,2024-12-01', 'CHF', 'Consumption(MWh)', NULL, NULL, 'Month Ahead,Last Value', 'A', 'Jan-2022-646.75|Feb-2022-646.75|Mar-2022-646.75|Apr-2022-646.75|May-2022-646.75|Jun-2022-646.75|July-2022-646.75|Aug-2022-646.75|Sep-2022-646.75|Oct-2022-646.75|Nov-2022-646.75|Dec-2022-646.75|Jan-2023-646.75|Feb-2023-646.75|Mar-2023-646.75|Apr-2023-646.75|May-2023-646.75|Jun-2023-646.75|July-2023-646.75|Aug-2023-646.75|Sep-2023-646.75|Oct-2023-646.75|Nov-2023-646.75|Dec-2023-646.75|Jan-2024-646.75|Feb-2024-646.75|Mar-2024-646.75|Apr-2024-646.75|May-2024-646.75|Jun-2024-646.75|July-2024-646.75|Aug-2024-646.75|Sep-2024-646.75|Oct-2024-646.75|Nov-2024-646.75|Dec-2024-646.75', 'Jan-2022-0|Feb-2022-0|Mar-2022-0|Apr-2022-0|May-2022-0|Jun-2022-0|July-2022-0|Aug-2022-0|Sep-2022-0|Oct-2022-0|Nov-2022-0|Dec-2022-0|Jan-2023-646.25|Feb-2023-646.25|Mar-2023-646.25|Apr-2023-646.25|May-2023-646.25|Jun-2023-646.25|July-2023-646.25|Aug-2023-646.25|Sep-2023-646.25|Oct-2023-646.25|Nov-2023-646.25|Dec-2023-646.25|Jan-2024-646.66666666667|Feb-2024-646.66666666667|Mar-2024-646.66666666667|Apr-2024-646.66666666667|May-2024-646.66666666667|Jun-2024-646.66666666667|July-2024-646.66666666667|Aug-2024-646.66666666667|Sep-2024-646.66666666667|Oct-2024-646.66666666667|Nov-2024-646.66666666667|Dec-2024-646.66666666667', 'Jan-2022-646|Feb-2022-646|Mar-2022-646|Apr-2022-646|May-2022-646|Jun-2022-646|July-2022-646|Aug-2022-646|Sep-2022-646|Oct-2022-646|Nov-2022-646|Dec-2022-646|Jan-2023--0.25|Feb-2023--0.25|Mar-2023--0.25|Apr-2023--0.25|May-2023--0.25|Jun-2023--0.25|July-2023--0.25|Aug-2023--0.25|Sep-2023--0.25|Oct-2023--0.25|Nov-2023--0.25|Dec-2023--0.25|Jan-2024--0.66666666667004|Feb-2024--0.66666666667004|Mar-2024--0.66666666667004|Apr-2024--0.66666666667004|May-2024--0.66666666667004|Jun-2024--0.66666666667004|July-2024--0.66666666667004|Aug-2024--0.66666666667004|Sep-2024--0.66666666667004|Oct-2024--0.66666666667004|Nov-2024--0.66666666667004|Dec-2024--0.66666666667004', 'Jan-2022-0|Feb-2022-0|Mar-2022-0|Apr-2022-0|May-2022-0|Jun-2022-0|July-2022-0|Aug-2022-0|Sep-2022-0|Oct-2022-0|Nov-2022-0|Dec-2022-0|Jan-2023-0|Feb-2023-0|Mar-2023-0|Apr-2023-0|May-2023-0|Jun-2023-0|July-2023-0|Aug-2023-0|Sep-2023-0|Oct-2023-0|Nov-2023-0|Dec-2023-0|Jan-2024-0|Feb-2024-0|Mar-2024-0|Apr-2024-0|May-2024-0|Jun-2024-0|July-2024-0|Aug-2024-0|Sep-2024-0|Oct-2024-0|Nov-2024-0|Dec-2024-0', 'Jan-2022-0|Feb-2022-0|Mar-2022-0|Apr-2022-0|May-2022-0|Jun-2022-0|July-2022-0|Aug-2022-0|Sep-2022-0|Oct-2022-0|Nov-2022-0|Dec-2022-0|Jan-2023-0|Feb-2023-0|Mar-2023-0|Apr-2023-0|May-2023-0|Jun-2023-0|July-2023-0|Aug-2023-0|Sep-2023-0|Oct-2023-0|Nov-2023-0|Dec-2023-0|Jan-2024-0|Feb-2024-0|Mar-2024-0|Apr-2024-0|May-2024-0|Jun-2024-0|July-2024-0|Aug-2024-0|Sep-2024-0|Oct-2024-0|Nov-2024-0|Dec-2024-0'),
(19, 'AtlasEdge - International', 9, 'Roosvelt-elec-00001', 'France', 'electricity', '', 'EDF', 'indexed', 'EEX/France', '2023-01-01', '2023-12-31', 0.00, '7,613.10', '7613', '2023-1-01,2023-2-01,2023-3-01,2023-4-01,2023-5-01,2023-6-01,2023-7-01,2023-8-01,2023-9-01,2023-10-01,2023-11-01,2023-12-01', 'EUR', 'Consumption(MWh)', NULL, NULL, 'Calendar Ahead,Last Value', 'A', 'Jan-2023-596.85|Feb-2023-558.68|Mar-2023-624.79|Apr-2023-607.19|May-2023-659.27|Jun-2023-679.61|July-2023-696.24|Aug-2023-686.37|Sep-2023-655.93|Oct-2023-645.33|Nov-2023-590.23|Dec-2023-612.61', 'Jan-2023-596.85|Feb-2023-558.68|Mar-2023-624.79|Apr-2023-607.19|May-2023-659.27|Jun-2023-679.61|July-2023-696.24|Aug-2023-686.37|Sep-2023-655.93|Oct-2023-645.33|Nov-2023-590.23|Dec-2023-612.61', 'Jan-2023--0.85000000000002|Feb-2023--0.67999999999995|Mar-2023--0.78999999999996|Apr-2023--0.19000000000005|May-2023--0.26999999999998|Jun-2023--0.61000000000001|July-2023--0.24000000000001|Aug-2023--0.37|Sep-2023--0.92999999999995|Oct-2023--0.33000000000004|Nov-2023--0.23000000000002|Dec-2023--0.61000000000001', 'Jan-2023-0|Feb-2023-0|Mar-2023-0|Apr-2023-0|May-2023-0|Jun-2023-0|July-2023-0|Aug-2023-0|Sep-2023-0|Oct-2023-0|Nov-2023-0|Dec-2023-0', 'Jan-2023-0|Feb-2023-0|Mar-2023-0|Apr-2023-0|May-2023-0|Jun-2023-0|July-2023-0|Aug-2023-0|Sep-2023-0|Oct-2023-0|Nov-2023-0|Dec-2023-0'),
(20, 'AtlasEdge - International', 9, 'Roosvelt-elec-00002', 'France', 'electricity', '', 'EDF', 'indexed', 'EEX/France', '2024-01-01', '2024-12-31', 0.00, '7,678.91', '7678', '2024-1-01,2024-2-01,2024-3-01,2024-4-01,2024-5-01,2024-6-01,2024-7-01,2024-8-01,2024-9-01,2024-10-01,2024-11-01,2024-12-01', 'EUR', 'Consumption(MWh)', NULL, NULL, 'Calendar Ahead,Last Value', 'A', 'Jan-2024-603.85|Feb-2024-546.69|Mar-2024-630.38|Apr-2024-613.98|May-2024-670.31|Jun-2024-926.62|July-2024-467.41|Aug-2024-725.77|Sep-2024-647.42|Oct-2024-649.5|Nov-2024-596.46|Dec-2024-600.52', 'Jan-2024-0|Feb-2024-0|Mar-2024-0|Apr-2024-0|May-2024-0|Jun-2024-0|July-2024-0|Aug-2024-0|Sep-2024-0|Oct-2024-0|Nov-2024-0|Dec-2024-0', NULL, 'Jan-2024-250|Feb-2024-250|Mar-2024-250|Apr-2024-250|May-2024-250|Jun-2024-250|July-2024-250|Aug-2024-250|Sep-2024-250|Oct-2024-250|Nov-2024-250|Dec-2024-250', 'Jan-2024-95|Feb-2024-95|Mar-2024-95|Apr-2024-95|May-2024-95|Jun-2024-95|July-2024-95|Aug-2024-95|Sep-2024-95|Oct-2024-95|Nov-2024-95|Dec-2024-95'),
(23, 'AtlasEdge - International', 11, 'Global-elec-00001', 'Spain', 'electricity', '', 'TotalEnergies Electricidad y Gas Espaa, S.A.U.', 'indexed', 'OMIP', '2022-01-01', '2024-12-31', 0.00, '24,851', '24851', '2022-1-01,2022-2-01,2022-3-01,2022-4-01,2022-5-01,2022-6-01,2022-7-01,2022-8-01,2022-9-01,2022-10-01,2022-11-01,2022-12-01,2023-1-01,2023-2-01,2023-3-01,2023-4-01,2023-5-01,2023-6-01,2023-7-01,2023-8-01,2023-9-01,2023-10-01,2023-11-01,2023-12-01,2024-1-01,2024-2-01,2024-3-01,2024-4-01,2024-5-01,2024-6-01,2024-7-01,2024-8-01,2024-9-01,2024-10-01,2024-11-01,2024-12-01', 'EUR', 'Consumption(MWh)', NULL, NULL, 'Day Ahead,Spot Daily Market', 'A', 'Jan-2022-2070.92|Feb-2022-2070.92|Mar-2022-2070.92|Apr-2022-2070.92|May-2022-2070.92|Jun-2022-2070.92|July-2022-2070.92|Aug-2022-2070.92|Sep-2022-2070.92|Oct-2022-2070.92|Nov-2022-2070.92|Dec-2022-2070.92|Jan-2023-2070.92|Feb-2023-2070.92|Mar-2023-2070.92|Apr-2023-2070.92|May-2023-2070.92|Jun-2023-2070.92|July-2023-2070.92|Aug-2023-2070.92|Sep-2023-2070.92|Oct-2023-2070.92|Nov-2023-2070.92|Dec-2023-2070.92|Jan-2024-2070.92|Feb-2024-2070.92|Mar-2024-2070.92|Apr-2024-2070.92|May-2024-2070.92|Jun-2024-2070.92|July-2024-2070.92|Aug-2024-2070.92|Sep-2024-2070.92|Oct-2024-2070.92|Nov-2024-2070.92|Dec-2024-2070.92', 'Jan-2022-2070.92|Feb-2022-2070.92|Mar-2022-2070.92|Apr-2022-2070.92|May-2022-2070.92|Jun-2022-2070.92|July-2022-2070.92|Aug-2022-2070.92|Sep-2022-2070.92|Oct-2022-2070.92|Nov-2022-2070.92|Dec-2022-2070.92|Jan-2023-2070.92|Feb-2023-2070.92|Mar-2023-2070.92|Apr-2023-2070.92|May-2023-2070.92|Jun-2023-2070.92|July-2023-2070.92|Aug-2023-2070.92|Sep-2023-2070.92|Oct-2023-2070.92|Nov-2023-2070.92|Dec-2023-2070.92|Jan-2024-2070.92|Feb-2024-2070.92|Mar-2024-2070.92|Apr-2024-2070.92|May-2024-2070.92|Jun-2024-2070.92|July-2024-2070.92|Aug-2024-2070.92|Sep-2024-2070.92|Oct-2024-2070.92|Nov-2024-2070.92|Dec-2024-2070.92', 'Jan-2022--0.92000000000007|Feb-2022--0.92000000000007|Mar-2022--0.92000000000007|Apr-2022--0.92000000000007|May-2022--0.92000000000007|Jun-2022--0.92000000000007|July-2022--0.92000000000007|Aug-2022--0.92000000000007|Sep-2022--0.92000000000007|Oct-2022--0.92000000000007|Nov-2022--0.92000000000007|Dec-2022--0.92000000000007|Jan-2023--0.92000000000007|Feb-2023--0.92000000000007|Mar-2023--0.92000000000007|Apr-2023--0.92000000000007|May-2023--0.92000000000007|Jun-2023--0.92000000000007|July-2023--0.92000000000007|Aug-2023--0.92000000000007|Sep-2023--0.92000000000007|Oct-2023--0.92000000000007|Nov-2023--0.92000000000007|Dec-2023--0.92000000000007|Jan-2024--0.92000000000007|Feb-2024--0.92000000000007|Mar-2024--0.92000000000007|Apr-2024--0.92000000000007|May-2024--0.92000000000007|Jun-2024--0.92000000000007|July-2024--0.92000000000007|Aug-2024--0.92000000000007|Sep-2024--0.92000000000007|Oct-2024--0.92000000000007|Nov-2024--0.92000000000007|Dec-2024--0.92000000000007', 'Jan-2022-90|Feb-2022-90|Mar-2022-90|Apr-2022-90|May-2022-90|Jun-2022-90|July-2022-90|Aug-2022-90|Sep-2022-90|Oct-2022-90|Nov-2022-90|Dec-2022-90|Jan-2023-120|Feb-2023-120|Mar-2023-120|Apr-2023-120|May-2023-120|Jun-2023-120|July-2023-120|Aug-2023-120|Sep-2023-120|Oct-2023-120|Nov-2023-120|Dec-2023-120|Jan-2024-90|Feb-2024-90|Mar-2024-90|Apr-2024-90|May-2024-90|Jun-2024-90|July-2024-90|Aug-2024-90|Sep-2024-90|Oct-2024-90|Nov-2024-90|Dec-2024-90', 'Jan-2022-95|Feb-2022-95|Mar-2022-95|Apr-2022-95|May-2022-95|Jun-2022-95|July-2022-95|Aug-2022-95|Sep-2022-95|Oct-2022-95|Nov-2022-95|Dec-2022-95|Jan-2023-125|Feb-2023-125|Mar-2023-125|Apr-2023-125|May-2023-125|Jun-2023-125|July-2023-125|Aug-2023-125|Sep-2023-125|Oct-2023-125|Nov-2023-125|Dec-2023-125|Jan-2024-95|Feb-2024-95|Mar-2024-95|Apr-2024-95|May-2024-95|Jun-2024-95|July-2024-95|Aug-2024-95|Sep-2024-95|Oct-2024-95|Nov-2024-95|Dec-2024-95'),
(26, 'Boortmalt - International', 14, 'Boortmalt-elec-00001', 'Spain', 'electricity', '', 'Acciona Green Energy Developments, S.L.U.', 'indexed', 'OMIP', '2022-01-01', '2023-12-31', 0.00, '17,352.22', '17352', '2022-1-01,2022-2-01,2022-3-01,2022-4-01,2022-5-01,2022-6-01,2022-7-01,2022-8-01,2022-9-01,2022-10-01,2022-11-01,2022-12-01,2023-1-01,2023-2-01,2023-3-01,2023-4-01,2023-5-01,2023-6-01,2023-7-01,2023-8-01,2023-9-01,2023-10-01,2023-11-01,2023-12-01', 'EUR', 'Consumption(MWh)', NULL, NULL, 'Day Ahead,Spot Daily Market', 'A', 'Jan-2022-1446.02|Feb-2022-1446.02|Mar-2022-1446.02|Apr-2022-1446.02|May-2022-1446.02|Jun-2022-1446.02|July-2022-1446.02|Aug-2022-1446.02|Sep-2022-1446.02|Oct-2022-1446.02|Nov-2022-1446.01|Dec-2022-1446.01|Jan-2023-1446.02|Feb-2023-1446.02|Mar-2023-1446.02|Apr-2023-1446.02|May-2023-1446.02|Jun-2023-1446.02|July-2023-1446.02|Aug-2023-1446.02|Sep-2023-1446.02|Oct-2023-1446.02|Nov-2023-1446.01|Dec-2023-1446.01', 'Jan-2022-1446.02|Feb-2022-1446.02|Mar-2022-1446.02|Apr-2022-1446.02|May-2022-1446.02|Jun-2022-1446.02|July-2022-1446.02|Aug-2022-1446.02|Sep-2022-1446.02|Oct-2022-1446.02|Nov-2022-1446.01|Dec-2022-1446.01|Jan-2023-1446.02|Feb-2023-1446.02|Mar-2023-1446.02|Apr-2023-1446.02|May-2023-1446.02|Jun-2023-1446.02|July-2023-1301.418|Aug-2023-1301.418|Sep-2023-1301.418|Oct-2023-1301.418|Nov-2023-1301.409|Dec-2023-1301.409', 'Jan-2022--0.019999999999982|Feb-2022--0.019999999999982|Mar-2022--0.019999999999982|Apr-2022--0.019999999999982|May-2022--0.019999999999982|Jun-2022--0.019999999999982|July-2022--0.019999999999982|Aug-2022--0.019999999999982|Sep-2022--0.019999999999982|Oct-2022--0.019999999999982|Nov-2022--0.0099999999999909|Dec-2022--0.0099999999999909|Jan-2023--0.019999999999982|Feb-2023--0.019999999999982|Mar-2023--0.019999999999982|Apr-2023--0.019999999999982|May-2023--0.019999999999982|Jun-2023--0.019999999999982|July-2023-144.582|Aug-2023-144.582|Sep-2023-144.582|Oct-2023-144.582|Nov-2023-144.591|Dec-2023-144.591', 'Jan-2022-0|Feb-2022-0|Mar-2022-0|Apr-2022-0|May-2022-0|Jun-2022-0|July-2022-0|Aug-2022-0|Sep-2022-0|Oct-2022-0|Nov-2022-0|Dec-2022-0|Jan-2023-100|Feb-2023-100|Mar-2023-100|Apr-2023-100|May-2023-100|Jun-2023-100|July-2023-100|Aug-2023-100|Sep-2023-100|Oct-2023-100|Nov-2023-100|Dec-2023-100', 'Jan-2022-0|Feb-2022-0|Mar-2022-0|Apr-2022-0|May-2022-0|Jun-2022-0|July-2022-0|Aug-2022-0|Sep-2022-0|Oct-2022-0|Nov-2022-0|Dec-2022-0|Jan-2023-102|Feb-2023-102|Mar-2023-102|Apr-2023-102|May-2023-102|Jun-2023-102|July-2023-102|Aug-2023-102|Sep-2023-102|Oct-2023-102|Nov-2023-102|Dec-2023-102'),
(27, 'Boortmalt - International', 14, 'Boortmalt-gas-00002', 'Spain', 'natural gas', 'MWh', 'Endesa Energa, S.A.U.', 'indexed', 'TTF', '2021-01-01', '2023-12-31', 0.00, '78,900', '78900', '2021-1-01,2021-2-01,2021-3-01,2021-4-01,2021-5-01,2021-6-01,2021-7-01,2021-8-01,2021-9-01,2021-10-01,2021-11-01,2021-12-01,2022-1-01,2022-2-01,2022-3-01,2022-4-01,2022-5-01,2022-6-01,2022-7-01,2022-8-01,2022-9-01,2022-10-01,2022-11-01,2022-12-01,2023-1-01,2023-2-01,2023-3-01,2023-4-01,2023-5-01,2023-6-01,2023-7-01,2023-8-01,2023-9-01,2023-10-01,2023-11-01,2023-12-01', 'EUR', 'Consumption(MWh)', NULL, NULL, 'Day Ahead,Spot Daily Market', 'A', 'Jan-2021-7300|Feb-2021-6700|Mar-2021-7300|Apr-2021-6300|May-2021-6700|Jun-2021-6900|July-2021-5700|Aug-2021-5800|Sep-2021-6100|Oct-2021-6400|Nov-2021-6500|Dec-2021-7200|Jan-2022-7300|Feb-2022-6700|Mar-2022-7300|Apr-2022-6300|May-2022-6700|Jun-2022-6900|July-2022-5700|Aug-2022-5800|Sep-2022-6100|Oct-2022-6400|Nov-2022-6500|Dec-2022-7200|Jan-2023-7300|Feb-2023-6700|Mar-2023-7300|Apr-2023-6300|May-2023-6700|Jun-2023-6900|July-2023-5700|Aug-2023-5800|Sep-2023-6100|Oct-2023-6400|Nov-2023-6500|Dec-2023-7200', 'Jan-2021-2000|Feb-2021-2000|Mar-2021-2000|Apr-2021-2000|May-2021-2000|Jun-2021-2000|July-2021-3466.6666666667|Aug-2021-3466.6666666667|Sep-2021-3466.6666666667|Oct-2021-3675|Nov-2021-3675|Dec-2021-7022|Jan-2022-5743.4166666666|Feb-2022-5743.4166666666|Mar-2022-5743.4166666666|Apr-2022-5085.0833333334|May-2022-5085.0833333334|Jun-2022-5085.0833333334|July-2022-5038.7499999999|Aug-2022-5038.7499999999|Sep-2022-5038.7499999999|Oct-2022-6242.4166666668|Nov-2022-6242.4166666668|Dec-2022-6242.4166666668|Jan-2023-6010.5833333333|Feb-2023-6010.5833333333|Mar-2023-6010.5833333333|Apr-2023-6010.5833333333|May-2023-6010.5833333333|Jun-2023-6010.5833333333|July-2023-6010.5833333333|Aug-2023-6010.5833333333|Sep-2023-6010.5833333333|Oct-2023-2810.5833333333|Nov-2023-2810.5833333333|Dec-2023-2810.5833333333', 'Jan-2021-5300|Feb-2021-4700|Mar-2021-5300|Apr-2021-4300|May-2021-4700|Jun-2021-4900|July-2021-2233.3333333333|Aug-2021-2333.3333333333|Sep-2021-2633.3333333333|Oct-2021-2725|Nov-2021-2825|Dec-2021-178|Jan-2022-1556.5833333334|Feb-2022-956.5833333334|Mar-2022-1556.5833333334|Apr-2022-1214.9166666666|May-2022-1614.9166666666|Jun-2022-1814.9166666666|July-2022-661.2500000001|Aug-2022-761.2500000001|Sep-2022-1061.2500000001|Oct-2022-157.5833333332|Nov-2022-257.5833333332|Dec-2022-957.5833333332|Jan-2023-1289.4166666667|Feb-2023-689.4166666667|Mar-2023-1289.4166666667|Apr-2023-289.4166666667|May-2023-689.4166666667|Jun-2023-889.4166666667|July-2023--310.5833333333|Aug-2023--210.5833333333|Sep-2023-89.4166666667|Oct-2023-3589.4166666667|Nov-2023-3689.4166666667|Dec-2023-4389.4166666667', 'Jan-2021-100|Feb-2021-100|Mar-2021-100|Apr-2021-100|May-2021-100|Jun-2021-100|July-2021-100|Aug-2021-100|Sep-2021-100|Oct-2021-100|Nov-2021-100|Dec-2021-100|Jan-2022-0|Feb-2022-0|Mar-2022-0|Apr-2022-0|May-2022-0|Jun-2022-0|July-2022-0|Aug-2022-0|Sep-2022-0|Oct-2022-0|Nov-2022-0|Dec-2022-0|Jan-2023-0|Feb-2023-0|Mar-2023-0|Apr-2023-0|May-2023-0|Jun-2023-0|July-2023-0|Aug-2023-0|Sep-2023-0|Oct-2023-0|Nov-2023-0|Dec-2023-0', 'Jan-2021-100|Feb-2021-100|Mar-2021-100|Apr-2021-100|May-2021-100|Jun-2021-100|July-2021-100|Aug-2021-100|Sep-2021-100|Oct-2021-100|Nov-2021-100|Dec-2021-100|Jan-2022-0|Feb-2022-0|Mar-2022-0|Apr-2022-0|May-2022-0|Jun-2022-0|July-2022-0|Aug-2022-0|Sep-2022-0|Oct-2022-0|Nov-2022-0|Dec-2022-0|Jan-2023-0|Feb-2023-0|Mar-2023-0|Apr-2023-0|May-2023-0|Jun-2023-0|July-2023-0|Aug-2023-0|Sep-2023-0|Oct-2023-0|Nov-2023-0|Dec-2023-0'),
(28, 'Boortmalt - International', 14, 'Boortmalt-elec-00003', 'Spain', 'electricity', '', 'Acciona Green Energy Developments, S.L.U.', 'indexed', 'OMIP', '2024-01-01', '2025-12-31', 0.00, '17,352.21', '17352', '2024-1-01,2024-2-01,2024-3-01,2024-4-01,2024-5-01,2024-6-01,2024-7-01,2024-8-01,2024-9-01,2024-10-01,2024-11-01,2024-12-01,2025-1-01,2025-2-01,2025-3-01,2025-4-01,2025-5-01,2025-6-01,2025-7-01,2025-8-01,2025-9-01,2025-10-01,2025-11-01,2025-12-01', 'EUR', 'Consumption(MWh)', NULL, NULL, 'Day Ahead,Spot Daily Market', 'A', 'Jan-2024-1461.55|Feb-2024-1317.55|Mar-2024-1308.14|Apr-2024-1780.71|May-2024-1861.14|Jun-2024-1171.79|July-2024-1461.55|Aug-2024-1220.6|Sep-2024-1185.1|Oct-2024-1847.37|Nov-2024-1270.2|Dec-2024-1466.5|Jan-2025-1461.55|Feb-2025-1317.55|Mar-2025-1308.14|Apr-2025-1780.71|May-2025-1861.14|Jun-2025-1171.79|July-2025-1461.55|Aug-2025-1220.6|Sep-2025-1185.1|Oct-2025-1847.37|Nov-2025-1270.2|Dec-2025-1466.5', 'Jan-2024-584.62|Feb-2024-527.02|Mar-2024-523.256|Apr-2024-712.284|May-2024-744.456|Jun-2024-468.716|July-2024-584.62|Aug-2024-488.24|Sep-2024-474.04|Oct-2024-738.948|Nov-2024-508.08|Dec-2024-586.6|Jan-2025-0|Feb-2025-0|Mar-2025-0|Apr-2025-0|May-2025-0|Jun-2025-0|July-2025-0|Aug-2025-0|Sep-2025-0|Oct-2025-0|Nov-2025-0|Dec-2025-0', 'Jan-2024-876.38|Feb-2024-789.98|Mar-2024-784.744|Apr-2024-1067.716|May-2024-1116.544|Jun-2024-702.284|July-2024-876.38|Aug-2024-731.76|Sep-2024-710.96|Oct-2024-1108.052|Nov-2024-761.92|Dec-2024-879.4|Jan-2025-1461|Feb-2025-1317|Mar-2025-1308|Apr-2025-1780|May-2025-1861|Jun-2025-1171|July-2025-1461|Aug-2025-1220|Sep-2025-1185|Oct-2025-1847|Nov-2025-1270|Dec-2025-1466', 'Jan-2024-0|Feb-2024-0|Mar-2024-0|Apr-2024-0|May-2024-0|Jun-2024-0|July-2024-0|Aug-2024-0|Sep-2024-0|Oct-2024-0|Nov-2024-0|Dec-2024-0|Jan-2025-0|Feb-2025-0|Mar-2025-0|Apr-2025-0|May-2025-0|Jun-2025-0|July-2025-0|Aug-2025-0|Sep-2025-0|Oct-2025-0|Nov-2025-0|Dec-2025-0', 'Jan-2024-0|Feb-2024-0|Mar-2024-0|Apr-2024-0|May-2024-0|Jun-2024-0|July-2024-0|Aug-2024-0|Sep-2024-0|Oct-2024-0|Nov-2024-0|Dec-2024-0|Jan-2025-0|Feb-2025-0|Mar-2025-0|Apr-2025-0|May-2025-0|Jun-2025-0|July-2025-0|Aug-2025-0|Sep-2025-0|Oct-2025-0|Nov-2025-0|Dec-2025-0'),
(29, 'Boortmalt - International', 14, 'Boortmalt-gas-00004', 'Spain', 'natural gas', 'MWh', 'Endesa Energa, S.A.U.', 'indexed', 'TTF', '2024-01-01', '2025-12-31', 0.00, '78,899', '78899', '2024-1-01,2024-2-01,2024-3-01,2024-4-01,2024-5-01,2024-6-01,2024-7-01,2024-8-01,2024-9-01,2024-10-01,2024-11-01,2024-12-01,2025-1-01,2025-2-01,2025-3-01,2025-4-01,2025-5-01,2025-6-01,2025-7-01,2025-8-01,2025-9-01,2025-10-01,2025-11-01,2025-12-01', 'EUR', 'Consumption(MWh)', NULL, NULL, 'Day Ahead,Spot Daily Market', 'A', 'Jan-2024-7071|Feb-2024-7088|Mar-2024-7195|Apr-2024-6520|May-2024-6387|Jun-2024-6318|July-2024-6324|Aug-2024-5744|Sep-2024-6459|Oct-2024-6697|Nov-2024-6833|Dec-2024-6263|Jan-2025-7071|Feb-2025-7088|Mar-2025-7195|Apr-2025-6520|May-2025-6387|Jun-2025-6318|July-2025-6324|Aug-2025-5744|Sep-2025-6459|Oct-2025-6697|Nov-2025-6833|Dec-2025-6263', 'Jan-2024-1972.4166666667|Feb-2024-1972.4166666667|Mar-2024-1972.4166666667|Apr-2024-1972.4166666667|May-2024-1972.4166666667|Jun-2024-1972.4166666667|July-2024-1972.4166666667|Aug-2024-1972.4166666667|Sep-2024-1972.4166666667|Oct-2024-1972.4166666667|Nov-2024-1972.4166666667|Dec-2024-1972.4166666667|Jan-2025-0|Feb-2025-0|Mar-2025-0|Apr-2025-0|May-2025-0|Jun-2025-0|July-2025-0|Aug-2025-0|Sep-2025-0|Oct-2025-0|Nov-2025-0|Dec-2025-0', 'Jan-2024-5098.5833333333|Feb-2024-5115.5833333333|Mar-2024-5222.5833333333|Apr-2024-4547.5833333333|May-2024-4414.5833333333|Jun-2024-4345.5833333333|July-2024-4351.5833333333|Aug-2024-3771.5833333333|Sep-2024-4486.5833333333|Oct-2024-4724.5833333333|Nov-2024-4860.5833333333|Dec-2024-4290.5833333333|Jan-2025-7071|Feb-2025-7088|Mar-2025-7195|Apr-2025-6520|May-2025-6387|Jun-2025-6318|July-2025-6324|Aug-2025-5744|Sep-2025-6459|Oct-2025-6697|Nov-2025-6833|Dec-2025-6263', 'Jan-2024-0|Feb-2024-0|Mar-2024-0|Apr-2024-0|May-2024-0|Jun-2024-0|July-2024-0|Aug-2024-0|Sep-2024-0|Oct-2024-0|Nov-2024-0|Dec-2024-0|Jan-2025-0|Feb-2025-0|Mar-2025-0|Apr-2025-0|May-2025-0|Jun-2025-0|July-2025-0|Aug-2025-0|Sep-2025-0|Oct-2025-0|Nov-2025-0|Dec-2025-0', 'Jan-2024-0|Feb-2024-0|Mar-2024-0|Apr-2024-0|May-2024-0|Jun-2024-0|July-2024-0|Aug-2024-0|Sep-2024-0|Oct-2024-0|Nov-2024-0|Dec-2024-0|Jan-2025-0|Feb-2025-0|Mar-2025-0|Apr-2025-0|May-2025-0|Jun-2025-0|July-2025-0|Aug-2025-0|Sep-2025-0|Oct-2025-0|Nov-2025-0|Dec-2025-0'),
(30, 'AtlasEdge - International', 4, 'Roosevelt-elec-00006', 'Denmark', 'electricity', '', 'Energi Danmark A/S', 'indexed', 'Nasdaq OMX/Denmark', '2025-01-01', '2025-12-31', 0.00, '7,978', '7978', '2025-1-01,2025-2-01,2025-3-01,2025-4-01,2025-5-01,2025-6-01,2025-7-01,2025-8-01,2025-9-01,2025-10-01,2025-11-01,2025-12-01', 'DKK', 'Consumption(MWh)', NULL, NULL, 'Day Ahead,Spot Daily Market', 'A', 'Jan-2025-688.76|Feb-2025-613.99|Mar-2025-656.17|Apr-2025-624.45|May-2025-670.59|Jun-2025-654.77|July-2025-685.21|Aug-2025-701.75|Sep-2025-666.32|Oct-2025-673.88|Nov-2025-659.8|Dec-2025-682.12', 'Jan-2025-300|Feb-2025-300|Mar-2025-300|Apr-2025-300|May-2025-300|Jun-2025-300|July-2025-300|Aug-2025-300|Sep-2025-300|Oct-2025-300|Nov-2025-300|Dec-2025-300', 'Jan-2025-388|Feb-2025-313|Mar-2025-356|Apr-2025-324|May-2025-370|Jun-2025-354|July-2025-385|Aug-2025-401|Sep-2025-366|Oct-2025-373|Nov-2025-359|Dec-2025-382', 'Jan-2025-0|Feb-2025-0|Mar-2025-0|Apr-2025-0|May-2025-0|Jun-2025-0|July-2025-0|Aug-2025-0|Sep-2025-0|Oct-2025-0|Nov-2025-0|Dec-2025-0', 'Jan-2025-0|Feb-2025-0|Mar-2025-0|Apr-2025-0|May-2025-0|Jun-2025-0|July-2025-0|Aug-2025-0|Sep-2025-0|Oct-2025-0|Nov-2025-0|Dec-2025-0'),
(32, 'AtlasEdge - International', 4, 'Roosevelt-elec-00007', 'Denmark', 'electricity', '', 'Energi Danmark A/S', 'indexed', 'Nasdaq OMX/Denmark', '2026-01-01', '2026-12-31', 0.00, '7,978', '7978', '2026-1-01,2026-2-01,2026-3-01,2026-4-01,2026-5-01,2026-6-01,2026-7-01,2026-8-01,2026-9-01,2026-10-01,2026-11-01,2026-12-01', 'DKK', 'Consumption(MWh)', NULL, NULL, 'Day Ahead,Spot Daily Market', 'A', 'Jan-2026-688.76|Feb-2026-613.99|Mar-2026-656.17|Apr-2026-624.45|May-2026-670.59|Jun-2026-654.77|July-2026-685.21|Aug-2026-701.75|Sep-2026-666.32|Oct-2026-673.88|Nov-2026-659.8|Dec-2026-682.12', 'Jan-2026-150|Feb-2026-150|Mar-2026-150|Apr-2026-150|May-2026-150|Jun-2026-150|July-2026-150|Aug-2026-150|Sep-2026-150|Oct-2026-150|Nov-2026-150|Dec-2026-150', 'Jan-2026-538|Feb-2026-463|Mar-2026-506|Apr-2026-474|May-2026-520|Jun-2026-504|July-2026-535|Aug-2026-551|Sep-2026-516|Oct-2026-523|Nov-2026-509|Dec-2026-532', 'Jan-2026-0|Feb-2026-0|Mar-2026-0|Apr-2026-0|May-2026-0|Jun-2026-0|July-2026-0|Aug-2026-0|Sep-2026-0|Oct-2026-0|Nov-2026-0|Dec-2026-0', 'Jan-2026-0|Feb-2026-0|Mar-2026-0|Apr-2026-0|May-2026-0|Jun-2026-0|July-2026-0|Aug-2026-0|Sep-2026-0|Oct-2026-0|Nov-2026-0|Dec-2026-0'),
(33, 'AtlasEdge - International', 4, 'Roosevelt-elec-00008', 'Denmark', 'electricity', '', 'Energi Danmark A/S', 'indexed', 'Nasdaq OMX/Denmark', '2027-01-01', '2027-12-31', 0.00, '7,978', '7978', '2027-1-01,2027-2-01,2027-3-01,2027-4-01,2027-5-01,2027-6-01,2027-7-01,2027-8-01,2027-9-01,2027-10-01,2027-11-01,2027-12-01', 'DKK', 'Consumption(MWh)', NULL, NULL, 'Day Ahead,Spot Daily Market', 'A', 'Jan-2027-688.76|Feb-2027-613.99|Mar-2027-656.17|Apr-2027-624.45|May-2027-670.59|Jun-2027-654.77|July-2027-685.21|Aug-2027-701.75|Sep-2027-666.32|Oct-2027-673.88|Nov-2027-659.8|Dec-2027-682.12', 'Jan-2027-0|Feb-2027-0|Mar-2027-0|Apr-2027-0|May-2027-0|Jun-2027-0|July-2027-0|Aug-2027-0|Sep-2027-0|Oct-2027-0|Nov-2027-0|Dec-2027-0', NULL, 'Jan-2027-0|Feb-2027-0|Mar-2027-0|Apr-2027-0|May-2027-0|Jun-2027-0|July-2027-0|Aug-2027-0|Sep-2027-0|Oct-2027-0|Nov-2027-0|Dec-2027-0', 'Jan-2027-0|Feb-2027-0|Mar-2027-0|Apr-2027-0|May-2027-0|Jun-2027-0|July-2027-0|Aug-2027-0|Sep-2027-0|Oct-2027-0|Nov-2027-0|Dec-2027-0'),
(34, 'Boortmalt - International', 20, 'Standart-gas-00001', 'France', 'natural gas', 'MWh', 'ENDESA ENERGIA SA', 'indexed', 'TTF', '2021-01-01', '2023-12-31', 0.00, '63,672', '63672', '2021-1-01,2021-2-01,2021-3-01,2021-4-01,2021-5-01,2021-6-01,2021-7-01,2021-8-01,2021-9-01,2021-10-01,2021-11-01,2021-12-01,2022-1-01,2022-2-01,2022-3-01,2022-4-01,2022-5-01,2022-6-01,2022-7-01,2022-8-01,2022-9-01,2022-10-01,2022-11-01,2022-12-01,2023-1-01,2023-2-01,2023-3-01,2023-4-01,2023-5-01,2023-6-01,2023-7-01,2023-8-01,2023-9-01,2023-10-01,2023-11-01,2023-12-01', 'EUR', 'Consumption(MWh)', NULL, NULL, 'Month Ahead,Average Value', 'A', 'Jan-2021-8524|Feb-2021-7812|Mar-2021-8713|Apr-2021-3186|May-2021-3245|Jun-2021-2824|July-2021-2929|Aug-2021-2865|Sep-2021-2977|Oct-2021-3429|Nov-2021-8416|Dec-2021-8752|Jan-2022-8524|Feb-2022-7812|Mar-2022-8713|Apr-2022-3186|May-2022-3245|Jun-2022-2824|July-2022-2929|Aug-2022-2865|Sep-2022-2977|Oct-2022-3429|Nov-2022-8416|Dec-2022-8752|Jan-2023-8524|Feb-2023-7812|Mar-2023-8713|Apr-2023-3186|May-2023-3245|Jun-2023-2824|July-2023-2929|Aug-2023-2865|Sep-2023-2977|Oct-2023-3429|Nov-2023-8416|Dec-2023-8752', 'Jan-2021-0|Feb-2021-0|Mar-2021-0|Apr-2021-0|May-2021-0|Jun-2021-0|July-2021-0|Aug-2021-0|Sep-2021-0|Oct-2021-0|Nov-2021-0|Dec-2021-0|Jan-2022-0|Feb-2022-0|Mar-2022-0|Apr-2022-0|May-2022-0|Jun-2022-0|July-2022-0|Aug-2022-0|Sep-2022-0|Oct-2022-0|Nov-2022-0|Dec-2022-0|Jan-2023-8524|Feb-2023-7812|Mar-2023-8713|Apr-2023-3186|May-2023-3245|Jun-2023-2824|July-2023-2929|Aug-2023-2865|Sep-2023-2977|Oct-2023-3429|Nov-2023-8416|Dec-2023-8752', 'Jan-2021-8524|Feb-2021-7812|Mar-2021-8713|Apr-2021-3186|May-2021-3245|Jun-2021-2824|July-2021-2929|Aug-2021-2865|Sep-2021-2977|Oct-2021-3429|Nov-2021-8416|Dec-2021-8752|Jan-2022-8524|Feb-2022-7812|Mar-2022-8713|Apr-2022-3186|May-2022-3245|Jun-2022-2824|July-2022-2929|Aug-2022-2865|Sep-2022-2977|Oct-2022-3429|Nov-2022-8416|Dec-2022-8752|Jan-2023-0|Feb-2023-0|Mar-2023-0|Apr-2023-0|May-2023-0|Jun-2023-0|July-2023-0|Aug-2023-0|Sep-2023-0|Oct-2023-0|Nov-2023-0|Dec-2023-0', 'Jan-2021-0|Feb-2021-0|Mar-2021-0|Apr-2021-0|May-2021-0|Jun-2021-0|July-2021-0|Aug-2021-0|Sep-2021-0|Oct-2021-0|Nov-2021-0|Dec-2021-0|Jan-2022-0|Feb-2022-0|Mar-2022-0|Apr-2022-0|May-2022-0|Jun-2022-0|July-2022-0|Aug-2022-0|Sep-2022-0|Oct-2022-0|Nov-2022-0|Dec-2022-0|Jan-2023-0|Feb-2023-0|Mar-2023-0|Apr-2023-0|May-2023-0|Jun-2023-0|July-2023-0|Aug-2023-0|Sep-2023-0|Oct-2023-0|Nov-2023-0|Dec-2023-0', 'Jan-2021-0|Feb-2021-0|Mar-2021-0|Apr-2021-0|May-2021-0|Jun-2021-0|July-2021-0|Aug-2021-0|Sep-2021-0|Oct-2021-0|Nov-2021-0|Dec-2021-0|Jan-2022-0|Feb-2022-0|Mar-2022-0|Apr-2022-0|May-2022-0|Jun-2022-0|July-2022-0|Aug-2022-0|Sep-2022-0|Oct-2022-0|Nov-2022-0|Dec-2022-0|Jan-2023-0|Feb-2023-0|Mar-2023-0|Apr-2023-0|May-2023-0|Jun-2023-0|July-2023-0|Aug-2023-0|Sep-2023-0|Oct-2023-0|Nov-2023-0|Dec-2023-0'),
(35, 'Boortmalt - International', 21, 'Boortmalt-gas-00001', 'Belgium', 'natural gas', 'MWh', 'Wingas', 'indexed', 'TTF', '2021-01-01', '2024-12-31', 0.00, '356,450', '356450', '2021-1-01,2021-2-01,2021-3-01,2021-4-01,2021-5-01,2021-6-01,2021-7-01,2021-8-01,2021-9-01,2021-10-01,2021-11-01,2021-12-01,2022-1-01,2022-2-01,2022-3-01,2022-4-01,2022-5-01,2022-6-01,2022-7-01,2022-8-01,2022-9-01,2022-10-01,2022-11-01,2022-12-01,2023-1-01,2023-2-01,2023-3-01,2023-4-01,2023-5-01,2023-6-01,2023-7-01,2023-8-01,2023-9-01,2023-10-01,2023-11-01,2023-12-01,2024-1-01,2024-2-01,2024-3-01,2024-4-01,2024-5-01,2024-6-01,2024-7-01,2024-8-01,2024-9-01,2024-10-01,2024-11-01,2024-12-01', 'EUR', 'Consumption(MWh)', NULL, NULL, 'Day Ahead,Spot Daily Market', 'A', 'Jan-2021-30274|Feb-2021-27344|Mar-2021-30274|Apr-2021-29297|May-2021-30274|Jun-2021-29297|July-2021-30274|Aug-2021-30274|Sep-2021-30274|Oct-2021-30274|Nov-2021-29297|Dec-2021-29297|Jan-2022-30274|Feb-2022-27344|Mar-2022-30274|Apr-2022-29297|May-2022-30274|Jun-2022-29297|July-2022-30274|Aug-2022-30274|Sep-2022-30274|Oct-2022-30274|Nov-2022-29297|Dec-2022-29297|Jan-2023-30274|Feb-2023-27344|Mar-2023-30274|Apr-2023-29297|May-2023-30274|Jun-2023-29297|July-2023-30274|Aug-2023-30274|Sep-2023-30274|Oct-2023-30274|Nov-2023-29297|Dec-2023-29297|Jan-2024-30274|Feb-2024-27344|Mar-2024-30274|Apr-2024-29297|May-2024-30274|Jun-2024-29297|July-2024-30274|Aug-2024-30274|Sep-2024-30274|Oct-2024-30274|Nov-2024-29297|Dec-2024-29297', 'Jan-2021-0|Feb-2021-0|Mar-2021-0|Apr-2021-0|May-2021-0|Jun-2021-0|July-2021-0|Aug-2021-0|Sep-2021-0|Oct-2021-0|Nov-2021-0|Dec-2021-0|Jan-2022-0|Feb-2022-0|Mar-2022-0|Apr-2022-0|May-2022-0|Jun-2022-0|July-2022-0|Aug-2022-0|Sep-2022-0|Oct-2022-0|Nov-2022-0|Dec-2022-0|Jan-2023-0|Feb-2023-0|Mar-2023-0|Apr-2023-0|May-2023-0|Jun-2023-0|July-2023-0|Aug-2023-0|Sep-2023-0|Oct-2023-0|Nov-2023-0|Dec-2023-0|Jan-2024-12109.6|Feb-2024-10937.6|Mar-2024-12109.6|Apr-2024-11718.8|May-2024-12109.6|Jun-2024-11718.8|July-2024-12109.6|Aug-2024-12109.6|Sep-2024-12109.6|Oct-2024-12109.6|Nov-2024-11718.8|Dec-2024-11718.8', 'Jan-2021-30274|Feb-2021-27344|Mar-2021-30274|Apr-2021-29297|May-2021-30274|Jun-2021-29297|July-2021-30274|Aug-2021-30274|Sep-2021-30274|Oct-2021-30274|Nov-2021-29297|Dec-2021-29297|Jan-2022-30274|Feb-2022-27344|Mar-2022-30274|Apr-2022-29297|May-2022-30274|Jun-2022-29297|July-2022-30274|Aug-2022-30274|Sep-2022-30274|Oct-2022-30274|Nov-2022-29297|Dec-2022-29297|Jan-2023-30274|Feb-2023-27344|Mar-2023-30274|Apr-2023-29297|May-2023-30274|Jun-2023-29297|July-2023-30274|Aug-2023-30274|Sep-2023-30274|Oct-2023-30274|Nov-2023-29297|Dec-2023-29297|Jan-2024-18164.4|Feb-2024-16406.4|Mar-2024-18164.4|Apr-2024-17578.2|May-2024-18164.4|Jun-2024-17578.2|July-2024-18164.4|Aug-2024-18164.4|Sep-2024-18164.4|Oct-2024-18164.4|Nov-2024-17578.2|Dec-2024-17578.2', 'Jan-2021-0|Feb-2021-0|Mar-2021-0|Apr-2021-0|May-2021-0|Jun-2021-0|July-2021-0|Aug-2021-0|Sep-2021-0|Oct-2021-0|Nov-2021-0|Dec-2021-0|Jan-2022-0|Feb-2022-0|Mar-2022-0|Apr-2022-0|May-2022-0|Jun-2022-0|July-2022-0|Aug-2022-0|Sep-2022-0|Oct-2022-0|Nov-2022-0|Dec-2022-0|Jan-2023-0|Feb-2023-0|Mar-2023-0|Apr-2023-0|May-2023-0|Jun-2023-0|July-2023-0|Aug-2023-0|Sep-2023-0|Oct-2023-0|Nov-2023-0|Dec-2023-0|Jan-2024-0|Feb-2024-0|Mar-2024-0|Apr-2024-0|May-2024-0|Jun-2024-0|July-2024-0|Aug-2024-0|Sep-2024-0|Oct-2024-0|Nov-2024-0|Dec-2024-0', 'Jan-2021-0|Feb-2021-0|Mar-2021-0|Apr-2021-0|May-2021-0|Jun-2021-0|July-2021-0|Aug-2021-0|Sep-2021-0|Oct-2021-0|Nov-2021-0|Dec-2021-0|Jan-2022-0|Feb-2022-0|Mar-2022-0|Apr-2022-0|May-2022-0|Jun-2022-0|July-2022-0|Aug-2022-0|Sep-2022-0|Oct-2022-0|Nov-2022-0|Dec-2022-0|Jan-2023-0|Feb-2023-0|Mar-2023-0|Apr-2023-0|May-2023-0|Jun-2023-0|July-2023-0|Aug-2023-0|Sep-2023-0|Oct-2023-0|Nov-2023-0|Dec-2023-0|Jan-2024-0|Feb-2024-0|Mar-2024-0|Apr-2024-0|May-2024-0|Jun-2024-0|July-2024-0|Aug-2024-0|Sep-2024-0|Oct-2024-0|Nov-2024-0|Dec-2024-0');
INSERT INTO `nus_supply_contract` (`supplierId`, `parentId`, `clientId`, `contract_id`, `countryName`, `commodityName`, `commodityUnits`, `supplyName`, `contractType`, `contractIndexId`, `contractTermfromDate`, `contractTermtoDate`, `commodityPrice`, `totalAnualConsumption`, `totlconsumption`, `allmonts`, `contractpricetype`, `indexStructureType`, `consumMinsize`, `clickTrancheminsize`, `openPrizemechanism`, `contractstatus`, `consumptionmonth`, `hedgeconsumption`, `openconsumption`, `basegenconsumption`, `effectcon`) VALUES
(37, 'C&A Europe - International', 24, 'C&A-gas-00001', 'Netherlands', 'natural gas', 'MWh', 'Vattenfall', 'indexed', 'TTF', '2023-01-01', '2025-12-31', 0.00, '9,837', '9837', '2023-1-01,2023-2-01,2023-3-01,2023-4-01,2023-5-01,2023-6-01,2023-7-01,2023-8-01,2023-9-01,2023-10-01,2023-11-01,2023-12-01,2024-1-01,2024-2-01,2024-3-01,2024-4-01,2024-5-01,2024-6-01,2024-7-01,2024-8-01,2024-9-01,2024-10-01,2024-11-01,2024-12-01,2025-1-01,2025-2-01,2025-3-01,2025-4-01,2025-5-01,2025-6-01,2025-7-01,2025-8-01,2025-9-01,2025-10-01,2025-11-01,2025-12-01', 'EUR', 'Consumption(MWh)', NULL, NULL, 'Day Ahead,Spot Daily Market', 'A', 'Jan-2023-835.47|Feb-2023-754.62|Mar-2023-835.47|Apr-2023-808.52|May-2023-835.47|Jun-2023-808.52|July-2023-835.47|Aug-2023-835.47|Sep-2023-835.47|Oct-2023-835.47|Nov-2023-808.52|Dec-2023-808.52|Jan-2024-835.47|Feb-2024-754.62|Mar-2024-835.47|Apr-2024-808.52|May-2024-835.47|Jun-2024-808.52|July-2024-835.47|Aug-2024-835.47|Sep-2024-835.47|Oct-2024-835.47|Nov-2024-808.52|Dec-2024-808.52|Jan-2025-835.47|Feb-2025-754.62|Mar-2025-835.47|Apr-2025-808.52|May-2025-835.47|Jun-2025-808.52|July-2025-835.47|Aug-2025-835.47|Sep-2025-835.47|Oct-2025-835.47|Nov-2025-808.52|Dec-2025-808.52', 'Jan-2023-835.47|Feb-2023-754.62|Mar-2023-835.47|Apr-2023-727.668|May-2023-751.923|Jun-2023-727.668|July-2023-375.9615|Aug-2023-375.9615|Sep-2023-375.9615|Oct-2023-417.735|Nov-2023-404.26|Dec-2023-404.26|Jan-2024-0|Feb-2024-0|Mar-2024-0|Apr-2024-0|May-2024-0|Jun-2024-0|July-2024-0|Aug-2024-0|Sep-2024-0|Oct-2024-208.8675|Nov-2024-202.13|Dec-2024-202.13|Jan-2025-0|Feb-2025-0|Mar-2025-0|Apr-2025-0|May-2025-0|Jun-2025-0|July-2025-0|Aug-2025-0|Sep-2025-0|Oct-2025-0|Nov-2025-0|Dec-2025-0', 'Jan-2023--0.47000000000003|Feb-2023--0.62|Mar-2023--0.47000000000003|Apr-2023-80.332|May-2023-83.077|Jun-2023-80.332|July-2023-459.0385|Aug-2023-459.0385|Sep-2023-459.0385|Oct-2023-417.265|Nov-2023-403.74|Dec-2023-403.74|Jan-2024-835|Feb-2024-754|Mar-2024-835|Apr-2024-808|May-2024-835|Jun-2024-808|July-2024-835|Aug-2024-835|Sep-2024-835|Oct-2024-626.1325|Nov-2024-605.87|Dec-2024-605.87|Jan-2025-835|Feb-2025-754|Mar-2025-835|Apr-2025-808|May-2025-835|Jun-2025-808|July-2025-835|Aug-2025-835|Sep-2025-835|Oct-2025-835|Nov-2025-808|Dec-2025-808', 'Jan-2023-0|Feb-2023-0|Mar-2023-0|Apr-2023-0|May-2023-0|Jun-2023-0|July-2023-0|Aug-2023-0|Sep-2023-0|Oct-2023-0|Nov-2023-0|Dec-2023-0|Jan-2024-0|Feb-2024-0|Mar-2024-0|Apr-2024-0|May-2024-0|Jun-2024-0|July-2024-0|Aug-2024-0|Sep-2024-0|Oct-2024-0|Nov-2024-0|Dec-2024-0|Jan-2025-0|Feb-2025-0|Mar-2025-0|Apr-2025-0|May-2025-0|Jun-2025-0|July-2025-0|Aug-2025-0|Sep-2025-0|Oct-2025-0|Nov-2025-0|Dec-2025-0', 'Jan-2023-0|Feb-2023-0|Mar-2023-0|Apr-2023-0|May-2023-0|Jun-2023-0|July-2023-0|Aug-2023-0|Sep-2023-0|Oct-2023-0|Nov-2023-0|Dec-2023-0|Jan-2024-0|Feb-2024-0|Mar-2024-0|Apr-2024-0|May-2024-0|Jun-2024-0|July-2024-0|Aug-2024-0|Sep-2024-0|Oct-2024-0|Nov-2024-0|Dec-2024-0|Jan-2025-0|Feb-2025-0|Mar-2025-0|Apr-2025-0|May-2025-0|Jun-2025-0|July-2025-0|Aug-2025-0|Sep-2025-0|Oct-2025-0|Nov-2025-0|Dec-2025-0'),
(38, 'C&A Europe - International', 17, 'C&A-elec-00001', 'Italy', 'electricity', '', 'Repower', 'indexed', 'EEX/Italy', '2023-01-01', '2023-12-31', 0.00, '2,176.86', '2176', '2023-1-01,2023-2-01,2023-3-01,2023-4-01,2023-5-01,2023-6-01,2023-7-01,2023-8-01,2023-9-01,2023-10-01,2023-11-01,2023-12-01', 'EUR', 'Consumption(MWh)', NULL, NULL, 'Day Ahead,Spot Daily Market', 'A', 'Jan-2023-190.24|Feb-2023-164.09|Mar-2023-171.23|Apr-2023-146.12|May-2023-163.98|Jun-2023-182.09|July-2023-206.62|Aug-2023-199.11|Sep-2023-186.89|Oct-2023-171.08|Nov-2023-181.98|Dec-2023-213.43', 'Jan-2023-0|Feb-2023-0|Mar-2023-0|Apr-2023-0|May-2023-0|Jun-2023-0|July-2023-0|Aug-2023-0|Sep-2023-0|Oct-2023-0|Nov-2023-0|Dec-2023-0', NULL, 'Jan-2023-0|Feb-2023-0|Mar-2023-0|Apr-2023-0|May-2023-0|Jun-2023-0|July-2023-0|Aug-2023-0|Sep-2023-0|Oct-2023-0|Nov-2023-0|Dec-2023-0', 'Jan-2023-0|Feb-2023-0|Mar-2023-0|Apr-2023-0|May-2023-0|Jun-2023-0|July-2023-0|Aug-2023-0|Sep-2023-0|Oct-2023-0|Nov-2023-0|Dec-2023-0'),
(39, 'C&A Europe - International', 15, 'C&A-elec-00001', 'Belgium', 'electricity', '', 'Engie', 'indexed', 'Ice Endex', '2022-01-01', '2023-12-31', 0.00, '28,343', '28343', '2022-1-01,2022-2-01,2022-3-01,2022-4-01,2022-5-01,2022-6-01,2022-7-01,2022-8-01,2022-9-01,2022-10-01,2022-11-01,2022-12-01,2023-1-01,2023-2-01,2023-3-01,2023-4-01,2023-5-01,2023-6-01,2023-7-01,2023-8-01,2023-9-01,2023-10-01,2023-11-01,2023-12-01', 'EUR', '', NULL, NULL, 'Day Ahead,Spot Daily Market', 'A', 'Jan-2022-2361.92|Feb-2022-2361.92|Mar-2022-2361.92|Apr-2022-2361.92|May-2022-2361.92|Jun-2022-2361.92|July-2022-2361.92|Aug-2022-2361.92|Sep-2022-2361.92|Oct-2022-2361.92|Nov-2022-2361.92|Dec-2022-2361.92|Jan-2023-2361.92|Feb-2023-2361.92|Mar-2023-2361.92|Apr-2023-2361.92|May-2023-2361.92|Jun-2023-2361.92|July-2023-2361.92|Aug-2023-2361.92|Sep-2023-2361.92|Oct-2023-2361.92|Nov-2023-2361.92|Dec-2023-2361.92', 'Jan-2022-0|Feb-2022-0|Mar-2022-0|Apr-2022-0|May-2022-0|Jun-2022-0|July-2022-0|Aug-2022-0|Sep-2022-0|Oct-2022-0|Nov-2022-0|Dec-2022-0|Jan-2023-2361.92|Feb-2023-2361.92|Mar-2023-2361.92|Apr-2023-2361.92|May-2023-2361.92|Jun-2023-2361.92|July-2023-2361.92|Aug-2023-2361.92|Sep-2023-2361.92|Oct-2023-1889.536|Nov-2023-1889.536|Dec-2023-1889.536', 'Jan-2022-2361|Feb-2022-2361|Mar-2022-2361|Apr-2022-2361|May-2022-2361|Jun-2022-2361|July-2022-2361|Aug-2022-2361|Sep-2022-2361|Oct-2022-2361|Nov-2022-2361|Dec-2022-2361|Jan-2023--0.92000000000007|Feb-2023--0.92000000000007|Mar-2023--0.92000000000007|Apr-2023--0.92000000000007|May-2023--0.92000000000007|Jun-2023--0.92000000000007|July-2023--0.92000000000007|Aug-2023--0.92000000000007|Sep-2023--0.92000000000007|Oct-2023-471.464|Nov-2023-471.464|Dec-2023-471.464', 'Jan-2022-0|Feb-2022-0|Mar-2022-0|Apr-2022-0|May-2022-0|Jun-2022-0|July-2022-0|Aug-2022-0|Sep-2022-0|Oct-2022-0|Nov-2022-0|Dec-2022-0|Jan-2023-0|Feb-2023-0|Mar-2023-0|Apr-2023-0|May-2023-0|Jun-2023-0|July-2023-0|Aug-2023-0|Sep-2023-0|Oct-2023-0|Nov-2023-0|Dec-2023-0', 'Jan-2022-0|Feb-2022-0|Mar-2022-0|Apr-2022-0|May-2022-0|Jun-2022-0|July-2022-0|Aug-2022-0|Sep-2022-0|Oct-2022-0|Nov-2022-0|Dec-2022-0|Jan-2023-0|Feb-2023-0|Mar-2023-0|Apr-2023-0|May-2023-0|Jun-2023-0|July-2023-0|Aug-2023-0|Sep-2023-0|Oct-2023-0|Nov-2023-0|Dec-2023-0'),
(40, 'C&A Europe - International', 15, 'C&A-gas-00002', 'Belgium', 'natural gas', 'MWh', 'Engie', 'indexed', 'TTF', '2021-01-01', '2023-12-31', 0.00, '18,880', '18880', '2021-1-01,2021-2-01,2021-3-01,2021-4-01,2021-5-01,2021-6-01,2021-7-01,2021-8-01,2021-9-01,2021-10-01,2021-11-01,2021-12-01,2022-1-01,2022-2-01,2022-3-01,2022-4-01,2022-5-01,2022-6-01,2022-7-01,2022-8-01,2022-9-01,2022-10-01,2022-11-01,2022-12-01,2023-1-01,2023-2-01,2023-3-01,2023-4-01,2023-5-01,2023-6-01,2023-7-01,2023-8-01,2023-9-01,2023-10-01,2023-11-01,2023-12-01', 'EUR', 'Consumption(MWh)', NULL, NULL, 'Day Ahead,Spot Daily Market', 'A', 'Jan-2021-1573.33|Feb-2021-1573.33|Mar-2021-1573.33|Apr-2021-1573.33|May-2021-1573.33|Jun-2021-1573.33|July-2021-1573.33|Aug-2021-1573.33|Sep-2021-1573.33|Oct-2021-1573.33|Nov-2021-1573.33|Dec-2021-1573.33|Jan-2022-1573.33|Feb-2022-1573.33|Mar-2022-1573.33|Apr-2022-1573.33|May-2022-1573.33|Jun-2022-1573.33|July-2022-1573.33|Aug-2022-1573.33|Sep-2022-1573.33|Oct-2022-1573.33|Nov-2022-1573.33|Dec-2022-1573.33|Jan-2023-1573.33|Feb-2023-1573.33|Mar-2023-1573.33|Apr-2023-1573.33|May-2023-1573.33|Jun-2023-1573.33|July-2023-1573.33|Aug-2023-1573.33|Sep-2023-1573.33|Oct-2023-1573.33|Nov-2023-1573.33|Dec-2023-1573.33', 'Jan-2021-0|Feb-2021-0|Mar-2021-0|Apr-2021-0|May-2021-0|Jun-2021-0|July-2021-0|Aug-2021-0|Sep-2021-0|Oct-2021-0|Nov-2021-0|Dec-2021-0|Jan-2022-0|Feb-2022-0|Mar-2022-0|Apr-2022-0|May-2022-0|Jun-2022-0|July-2022-0|Aug-2022-0|Sep-2022-0|Oct-2022-0|Nov-2022-0|Dec-2022-0|Jan-2023-1573.3333333333|Feb-2023-1573.3333333333|Mar-2023-1573.3333333333|Apr-2023-1573.3333333333|May-2023-1573.3333333333|Jun-2023-1573.3333333333|July-2023-1573.3333333333|Aug-2023-1573.3333333333|Sep-2023-1573.3333333333|Oct-2023-1573.3333333333|Nov-2023-1573.3333333333|Dec-2023-1573.3333333333', 'Jan-2021-1573|Feb-2021-1573|Mar-2021-1573|Apr-2021-1573|May-2021-1573|Jun-2021-1573|July-2021-1573|Aug-2021-1573|Sep-2021-1573|Oct-2021-1573|Nov-2021-1573|Dec-2021-1573|Jan-2022-1573|Feb-2022-1573|Mar-2022-1573|Apr-2022-1573|May-2022-1573|Jun-2022-1573|July-2022-1573|Aug-2022-1573|Sep-2022-1573|Oct-2022-1573|Nov-2022-1573|Dec-2022-1573|Jan-2023--0.33333333330006|Feb-2023--0.33333333330006|Mar-2023--0.33333333330006|Apr-2023--0.33333333330006|May-2023--0.33333333330006|Jun-2023--0.33333333330006|July-2023--0.33333333330006|Aug-2023--0.33333333330006|Sep-2023--0.33333333330006|Oct-2023--0.33333333330006|Nov-2023--0.33333333330006|Dec-2023--0.33333333330006', 'Jan-2021-0|Feb-2021-0|Mar-2021-0|Apr-2021-0|May-2021-0|Jun-2021-0|July-2021-0|Aug-2021-0|Sep-2021-0|Oct-2021-0|Nov-2021-0|Dec-2021-0|Jan-2022-0|Feb-2022-0|Mar-2022-0|Apr-2022-0|May-2022-0|Jun-2022-0|July-2022-0|Aug-2022-0|Sep-2022-0|Oct-2022-0|Nov-2022-0|Dec-2022-0|Jan-2023-0|Feb-2023-0|Mar-2023-0|Apr-2023-0|May-2023-0|Jun-2023-0|July-2023-0|Aug-2023-0|Sep-2023-0|Oct-2023-0|Nov-2023-0|Dec-2023-0', 'Jan-2021-0|Feb-2021-0|Mar-2021-0|Apr-2021-0|May-2021-0|Jun-2021-0|July-2021-0|Aug-2021-0|Sep-2021-0|Oct-2021-0|Nov-2021-0|Dec-2021-0|Jan-2022-0|Feb-2022-0|Mar-2022-0|Apr-2022-0|May-2022-0|Jun-2022-0|July-2022-0|Aug-2022-0|Sep-2022-0|Oct-2022-0|Nov-2022-0|Dec-2022-0|Jan-2023-0|Feb-2023-0|Mar-2023-0|Apr-2023-0|May-2023-0|Jun-2023-0|July-2023-0|Aug-2023-0|Sep-2023-0|Oct-2023-0|Nov-2023-0|Dec-2023-0'),
(41, 'C&A Europe - International', 25, 'C&A-elec-00001', 'Slovak Republic', 'electricity', '', 'V-Elektra Slovakia, a.s.', 'indexed', 'EEX-PXE/Slovakia', '2023-01-01', '2023-12-31', 0.00, '377.28', '377', '2023-1-01,2023-2-01,2023-3-01,2023-4-01,2023-5-01,2023-6-01,2023-7-01,2023-8-01,2023-9-01,2023-10-01,2023-11-01,2023-12-01', 'EUR', '', NULL, NULL, 'Day Ahead,Spot Daily Market', 'A', 'Jan-2023-17.14|Feb-2023-27.71|Mar-2023-32.44|Apr-2023-28.27|May-2023-38.28|Jun-2023-37.98|July-2023-36.92|Aug-2023-37.68|Sep-2023-31.69|Oct-2023-32.68|Nov-2023-28.81|Dec-2023-27.68', 'Jan-2023-0|Feb-2023-0|Mar-2023-0|Apr-2023-0|May-2023-0|Jun-2023-0|July-2023-0|Aug-2023-0|Sep-2023-0|Oct-2023-0|Nov-2023-0|Dec-2023-0', NULL, 'Jan-2023-0|Feb-2023-0|Mar-2023-0|Apr-2023-0|May-2023-0|Jun-2023-0|July-2023-0|Aug-2023-0|Sep-2023-0|Oct-2023-0|Nov-2023-0|Dec-2023-0', 'Jan-2023-0|Feb-2023-0|Mar-2023-0|Apr-2023-0|May-2023-0|Jun-2023-0|July-2023-0|Aug-2023-0|Sep-2023-0|Oct-2023-0|Nov-2023-0|Dec-2023-0'),
(43, 'Boortmalt - International', 21, 'Boortmalt-elec-00003', 'Belgium', 'electricity', '', 'Axpo', 'indexed', 'Ice Endex', '2021-08-01', '2024-12-31', 0.00, '27,000', '27000', '2021-8-01,2021-9-01,2021-10-01,2021-11-01,2021-12-01,2022-1-01,2022-2-01,2022-3-01,2022-4-01,2022-5-01,2022-6-01,2022-7-01,2022-8-01,2022-9-01,2022-10-01,2022-11-01,2022-12-01,2023-1-01,2023-2-01,2023-3-01,2023-4-01,2023-5-01,2023-6-01,2023-7-01,2023-8-01,2023-9-01,2023-10-01,2023-11-01,2023-12-01,2024-1-01,2024-2-01,2024-3-01,2024-4-01,2024-5-01,2024-6-01,2024-7-01,2024-8-01,2024-9-01,2024-10-01,2024-11-01,2024-12-01', 'EUR', '', NULL, NULL, 'Day Ahead,Spot Daily Market', 'A', 'Aug-2021-2293|Sep-2021-2441|Oct-2021-2293|Nov-2021-2219|Dec-2021-2073|Jan-2022-2293|Feb-2022-2071|Mar-2022-2293|Apr-2022-2219|May-2022-2293|Jun-2022-2219|July-2022-2293|Aug-2022-2293|Sep-2022-2441|Oct-2022-2293|Nov-2022-2219|Dec-2022-2073|Jan-2023-2293|Feb-2023-2071|Mar-2023-2293|Apr-2023-2219|May-2023-2293|Jun-2023-2219|July-2023-2293|Aug-2023-2293|Sep-2023-2441|Oct-2023-2293|Nov-2023-2219|Dec-2023-2073|Jan-2024-2293|Feb-2024-2071|Mar-2024-2293|Apr-2024-2219|May-2024-2293|Jun-2024-2219|July-2024-2293|Aug-2024-2293|Sep-2024-2441|Oct-2024-2293|Nov-2024-2219|Dec-2024-2073', 'Aug-2021-0|Sep-2021-0|Oct-2021-0|Nov-2021-0|Dec-2021-0|Jan-2022-0|Feb-2022-0|Mar-2022-0|Apr-2022-0|May-2022-0|Jun-2022-0|July-2022-0|Aug-2022-0|Sep-2022-0|Oct-2022-0|Nov-2022-0|Dec-2022-0|Jan-2023-0|Feb-2023-0|Mar-2023-0|Apr-2023-0|May-2023-0|Jun-2023-0|July-2023-0|Aug-2023-0|Sep-2023-0|Oct-2023-0|Nov-2023-0|Dec-2023-0|Jan-2024-573.25|Feb-2024-517.75|Mar-2024-573.25|Apr-2024-554.75|May-2024-573.25|Jun-2024-554.75|July-2024-573.25|Aug-2024-573.25|Sep-2024-610.25|Oct-2024-573.25|Nov-2024-554.75|Dec-2024-518.25', 'Aug-2021-2293|Sep-2021-2441|Oct-2021-2293|Nov-2021-2219|Dec-2021-2073|Jan-2022-2293|Feb-2022-2071|Mar-2022-2293|Apr-2022-2219|May-2022-2293|Jun-2022-2219|July-2022-2293|Aug-2022-2293|Sep-2022-2441|Oct-2022-2293|Nov-2022-2219|Dec-2022-2073|Jan-2023-2293|Feb-2023-2071|Mar-2023-2293|Apr-2023-2219|May-2023-2293|Jun-2023-2219|July-2023-2293|Aug-2023-2293|Sep-2023-2441|Oct-2023-2293|Nov-2023-2219|Dec-2023-2073|Jan-2024-1719.75|Feb-2024-1553.25|Mar-2024-1719.75|Apr-2024-1664.25|May-2024-1719.75|Jun-2024-1664.25|July-2024-1719.75|Aug-2024-1719.75|Sep-2024-1830.75|Oct-2024-1719.75|Nov-2024-1664.25|Dec-2024-1554.75', 'Aug-2021-0|Sep-2021-0|Oct-2021-0|Nov-2021-0|Dec-2021-0|Jan-2022-0|Feb-2022-0|Mar-2022-0|Apr-2022-0|May-2022-0|Jun-2022-0|July-2022-0|Aug-2022-0|Sep-2022-0|Oct-2022-0|Nov-2022-0|Dec-2022-0|Jan-2023-0|Feb-2023-0|Mar-2023-0|Apr-2023-0|May-2023-0|Jun-2023-0|July-2023-0|Aug-2023-0|Sep-2023-0|Oct-2023-0|Nov-2023-0|Dec-2023-0|Jan-2024-100|Feb-2024-100|Mar-2024-100|Apr-2024-100|May-2024-100|Jun-2024-100|July-2024-100|Aug-2024-100|Sep-2024-100|Oct-2024-100|Nov-2024-100|Dec-2024-100', 'Aug-2021-0|Sep-2021-0|Oct-2021-0|Nov-2021-0|Dec-2021-0|Jan-2022-0|Feb-2022-0|Mar-2022-0|Apr-2022-0|May-2022-0|Jun-2022-0|July-2022-0|Aug-2022-0|Sep-2022-0|Oct-2022-0|Nov-2022-0|Dec-2022-0|Jan-2023-0|Feb-2023-0|Mar-2023-0|Apr-2023-0|May-2023-0|Jun-2023-0|July-2023-0|Aug-2023-0|Sep-2023-0|Oct-2023-0|Nov-2023-0|Dec-2023-0|Jan-2024-100|Feb-2024-100|Mar-2024-100|Apr-2024-100|May-2024-100|Jun-2024-100|July-2024-100|Aug-2024-100|Sep-2024-100|Oct-2024-100|Nov-2024-100|Dec-2024-100'),
(45, 'Boortmalt - International', 23, 'Belgomalt-elec-00001', 'Belgium', 'electricity', '', 'Axpo', 'indexed', 'Ice Endex', '2021-08-01', '2024-12-31', 0.00, '2,178', '2178', '2021-8-01,2021-9-01,2021-10-01,2021-11-01,2021-12-01,2022-1-01,2022-2-01,2022-3-01,2022-4-01,2022-5-01,2022-6-01,2022-7-01,2022-8-01,2022-9-01,2022-10-01,2022-11-01,2022-12-01,2023-1-01,2023-2-01,2023-3-01,2023-4-01,2023-5-01,2023-6-01,2023-7-01,2023-8-01,2023-9-01,2023-10-01,2023-11-01,2023-12-01,2024-1-01,2024-2-01,2024-3-01,2024-4-01,2024-5-01,2024-6-01,2024-7-01,2024-8-01,2024-9-01,2024-10-01,2024-11-01,2024-12-01', 'EUR', 'Consumption(MWh)', NULL, NULL, 'Day Ahead,Spot Daily Market', 'A', 'Aug-2021-185|Sep-2021-185|Oct-2021-185|Nov-2021-179|Dec-2021-161|Jan-2022-185|Feb-2022-167|Mar-2022-185|Apr-2022-197|May-2022-185|Jun-2022-179|July-2022-185|Aug-2022-185|Sep-2022-185|Oct-2022-185|Nov-2022-179|Dec-2022-161|Jan-2023-185|Feb-2023-167|Mar-2023-185|Apr-2023-197|May-2023-185|Jun-2023-179|July-2023-185|Aug-2023-185|Sep-2023-185|Oct-2023-185|Nov-2023-179|Dec-2023-161|Jan-2024-185|Feb-2024-167|Mar-2024-185|Apr-2024-197|May-2024-185|Jun-2024-179|July-2024-185|Aug-2024-185|Sep-2024-185|Oct-2024-185|Nov-2024-179|Dec-2024-161', 'Aug-2021-0|Sep-2021-0|Oct-2021-0|Nov-2021-0|Dec-2021-0|Jan-2022-0|Feb-2022-0|Mar-2022-0|Apr-2022-0|May-2022-0|Jun-2022-0|July-2022-0|Aug-2022-0|Sep-2022-0|Oct-2022-0|Nov-2022-0|Dec-2022-0|Jan-2023-0|Feb-2023-0|Mar-2023-0|Apr-2023-0|May-2023-0|Jun-2023-0|July-2023-0|Aug-2023-0|Sep-2023-0|Oct-2023-0|Nov-2023-0|Dec-2023-0|Jan-2024-0|Feb-2024-0|Mar-2024-0|Apr-2024-0|May-2024-0|Jun-2024-0|July-2024-0|Aug-2024-0|Sep-2024-0|Oct-2024-0|Nov-2024-0|Dec-2024-0', NULL, 'Aug-2021-0|Sep-2021-0|Oct-2021-0|Nov-2021-0|Dec-2021-0|Jan-2022-0|Feb-2022-0|Mar-2022-0|Apr-2022-0|May-2022-0|Jun-2022-0|July-2022-0|Aug-2022-0|Sep-2022-0|Oct-2022-0|Nov-2022-0|Dec-2022-0|Jan-2023-100|Feb-2023-100|Mar-2023-100|Apr-2023-100|May-2023-100|Jun-2023-100|July-2023-100|Aug-2023-100|Sep-2023-100|Oct-2023-100|Nov-2023-100|Dec-2023-100|Jan-2024-0|Feb-2024-0|Mar-2024-0|Apr-2024-0|May-2024-0|Jun-2024-0|July-2024-0|Aug-2024-0|Sep-2024-0|Oct-2024-0|Nov-2024-0|Dec-2024-0', 'Aug-2021-0|Sep-2021-0|Oct-2021-0|Nov-2021-0|Dec-2021-0|Jan-2022-0|Feb-2022-0|Mar-2022-0|Apr-2022-0|May-2022-0|Jun-2022-0|July-2022-0|Aug-2022-0|Sep-2022-0|Oct-2022-0|Nov-2022-0|Dec-2022-0|Jan-2023-100|Feb-2023-100|Mar-2023-100|Apr-2023-100|May-2023-100|Jun-2023-100|July-2023-100|Aug-2023-100|Sep-2023-100|Oct-2023-100|Nov-2023-100|Dec-2023-100|Jan-2024-0|Feb-2024-0|Mar-2024-0|Apr-2024-0|May-2024-0|Jun-2024-0|July-2024-0|Aug-2024-0|Sep-2024-0|Oct-2024-0|Nov-2024-0|Dec-2024-0'),
(46, 'C&A Europe - International', 24, 'C&A-elec-00002', 'Netherlands', 'electricity', '', 'Vattenfall', 'indexed', 'Ice Endex', '2023-01-01', '2025-12-31', 0.00, '15,869', '15869', '2023-1-01,2023-2-01,2023-3-01,2023-4-01,2023-5-01,2023-6-01,2023-7-01,2023-8-01,2023-9-01,2023-10-01,2023-11-01,2023-12-01,2024-1-01,2024-2-01,2024-3-01,2024-4-01,2024-5-01,2024-6-01,2024-7-01,2024-8-01,2024-9-01,2024-10-01,2024-11-01,2024-12-01,2025-1-01,2025-2-01,2025-3-01,2025-4-01,2025-5-01,2025-6-01,2025-7-01,2025-8-01,2025-9-01,2025-10-01,2025-11-01,2025-12-01', 'EUR', 'Consumption(MWh)', NULL, NULL, 'Day Ahead,Spot Daily Market', 'A', 'Jan-2023-1373.11|Feb-2023-1269.67|Mar-2023-1314.6|Apr-2023-1321.29|May-2023-1373.11|Jun-2023-1263.84|July-2023-1373.11|Aug-2023-1344.34|Sep-2023-1292.62|Oct-2023-1374.07|Nov-2023-1292.62|Dec-2023-1276.62|Jan-2024-1373.11|Feb-2024-1269.67|Mar-2024-1314.6|Apr-2024-1321.29|May-2024-1373.11|Jun-2024-1263.84|July-2024-1373.11|Aug-2024-1344.34|Sep-2024-1292.62|Oct-2024-1374.07|Nov-2024-1292.62|Dec-2024-1276.62|Jan-2025-1373.11|Feb-2025-1269.67|Mar-2025-1314.6|Apr-2025-1321.29|May-2025-1373.11|Jun-2025-1263.84|July-2025-1373.11|Aug-2025-1344.34|Sep-2025-1292.62|Oct-2025-1374.07|Nov-2025-1292.62|Dec-2025-1276.62', 'Jan-2023-1373.11|Feb-2023-1269.67|Mar-2023-1314.6|Apr-2023-1321.29|May-2023-1373.11|Jun-2023-1263.84|July-2023-1373.11|Aug-2023-1344.34|Sep-2023-1292.62|Oct-2023-1099.256|Nov-2023-1034.096|Dec-2023-1021.296|Jan-2024-0|Feb-2024-0|Mar-2024-0|Apr-2024-0|May-2024-0|Jun-2024-0|July-2024-0|Aug-2024-0|Sep-2024-0|Oct-2024-0|Nov-2024-0|Dec-2024-0|Jan-2025-0|Feb-2025-0|Mar-2025-0|Apr-2025-0|May-2025-0|Jun-2025-0|July-2025-0|Aug-2025-0|Sep-2025-0|Oct-2025-0|Nov-2025-0|Dec-2025-0', 'Jan-2023--0.1099999999999|Feb-2023--0.67000000000007|Mar-2023--0.59999999999991|Apr-2023--0.28999999999996|May-2023--0.1099999999999|Jun-2023--0.83999999999992|July-2023--0.1099999999999|Aug-2023--0.33999999999992|Sep-2023--0.61999999999989|Oct-2023-274.744|Nov-2023-257.904|Dec-2023-254.704|Jan-2024-1373|Feb-2024-1269|Mar-2024-1314|Apr-2024-1321|May-2024-1373|Jun-2024-1263|July-2024-1373|Aug-2024-1344|Sep-2024-1292|Oct-2024-1374|Nov-2024-1292|Dec-2024-1276|Jan-2025-1373|Feb-2025-1269|Mar-2025-1314|Apr-2025-1321|May-2025-1373|Jun-2025-1263|July-2025-1373|Aug-2025-1344|Sep-2025-1292|Oct-2025-1374|Nov-2025-1292|Dec-2025-1276', 'Jan-2023-0|Feb-2023-0|Mar-2023-0|Apr-2023-0|May-2023-0|Jun-2023-0|July-2023-0|Aug-2023-0|Sep-2023-0|Oct-2023-0|Nov-2023-0|Dec-2023-0|Jan-2024-0|Feb-2024-0|Mar-2024-0|Apr-2024-0|May-2024-0|Jun-2024-0|July-2024-0|Aug-2024-0|Sep-2024-0|Oct-2024-0|Nov-2024-0|Dec-2024-0|Jan-2025-0|Feb-2025-0|Mar-2025-0|Apr-2025-0|May-2025-0|Jun-2025-0|July-2025-0|Aug-2025-0|Sep-2025-0|Oct-2025-0|Nov-2025-0|Dec-2025-0', 'Jan-2023-0|Feb-2023-0|Mar-2023-0|Apr-2023-0|May-2023-0|Jun-2023-0|July-2023-0|Aug-2023-0|Sep-2023-0|Oct-2023-0|Nov-2023-0|Dec-2023-0|Jan-2024-0|Feb-2024-0|Mar-2024-0|Apr-2024-0|May-2024-0|Jun-2024-0|July-2024-0|Aug-2024-0|Sep-2024-0|Oct-2024-0|Nov-2024-0|Dec-2024-0|Jan-2025-0|Feb-2025-0|Mar-2025-0|Apr-2025-0|May-2025-0|Jun-2025-0|July-2025-0|Aug-2025-0|Sep-2025-0|Oct-2025-0|Nov-2025-0|Dec-2025-0'),
(49, 'C&A Europe - International', 28, 'C&A-gas-00001', 'France', 'natural gas', 'MWh', 'EDF', 'fixed', '', '2022-01-01', '2024-12-31', 57.09, '3,493.26', '3493', '2022-1-01,2022-2-01,2022-3-01,2022-4-01,2022-5-01,2022-6-01,2022-7-01,2022-8-01,2022-9-01,2022-10-01,2022-11-01,2022-12-01,2023-1-01,2023-2-01,2023-3-01,2023-4-01,2023-5-01,2023-6-01,2023-7-01,2023-8-01,2023-9-01,2023-10-01,2023-11-01,2023-12-01,2024-1-01,2024-2-01,2024-3-01,2024-4-01,2024-5-01,2024-6-01,2024-7-01,2024-8-01,2024-9-01,2024-10-01,2024-11-01,2024-12-01', 'EUR', NULL, NULL, NULL, NULL, 'A', 'Jan-2022-459.12|Feb-2022-422.78|Mar-2022-468.08|Apr-2022-452.98|May-2022-427.71|Jun-2022-60.73|July-2022-74.65|Aug-2022-77.33|Sep-2022-72.75|Oct-2022-105.98|Nov-2022-331.14|Dec-2022-540.01|Jan-2023-459.12|Feb-2023-422.78|Mar-2023-468.08|Apr-2023-452.98|May-2023-427.71|Jun-2023-60.73|July-2023-74.65|Aug-2023-77.33|Sep-2023-72.75|Oct-2023-105.98|Nov-2023-331.14|Dec-2023-540.01|Jan-2024-459.12|Feb-2024-422.78|Mar-2024-468.08|Apr-2024-452.98|May-2024-427.71|Jun-2024-60.73|July-2024-74.65|Aug-2024-77.33|Sep-2024-72.75|Oct-2024-105.98|Nov-2024-331.14|Dec-2024-540.01', 'Jan-2022-0|Feb-2022-0|Mar-2022-0|Apr-2022-0|May-2022-0|Jun-2022-0|July-2022-0|Aug-2022-0|Sep-2022-0|Oct-2022-0|Nov-2022-0|Dec-2022-0|Jan-2023-0|Feb-2023-0|Mar-2023-0|Apr-2023-0|May-2023-0|Jun-2023-0|July-2023-0|Aug-2023-0|Sep-2023-0|Oct-2023-0|Nov-2023-0|Dec-2023-0|Jan-2024-0|Feb-2024-0|Mar-2024-0|Apr-2024-0|May-2024-0|Jun-2024-0|July-2024-0|Aug-2024-0|Sep-2024-0|Oct-2024-0|Nov-2024-0|Dec-2024-0', NULL, NULL, NULL),
(51, 'C&A Europe - International', 18, 'C&A-elec-00001', 'Czech Republic', 'electricity', '', 'EZ Prodej, a.s.', 'fixed', '', '2021-09-17', '2024-09-16', 2029.00, '2,400.33', '2400', '2021-9-01,2021-10-01,2021-11-01,2021-12-01,2022-1-01,2022-2-01,2022-3-01,2022-4-01,2022-5-01,2022-6-01,2022-7-01,2022-8-01,2022-9-01,2022-10-01,2022-11-01,2022-12-01,2023-1-01,2023-2-01,2023-3-01,2023-4-01,2023-5-01,2023-6-01,2023-7-01,2023-8-01,2023-9-01,2023-10-01,2023-11-01,2023-12-01,2024-1-01,2024-2-01,2024-3-01,2024-4-01,2024-5-01,2024-6-01,2024-7-01,2024-8-01,2024-9-01', 'CZK', NULL, NULL, NULL, NULL, 'A', 'Sep-2021-192.75|Oct-2021-190.95|Nov-2021-190.48|Dec-2021-178.68|Jan-2022-201.18|Feb-2022-188.25|Mar-2022-204.15|Apr-2022-193.05|May-2022-203.19|Jun-2022-212.76|July-2022-221.6|Aug-2022-223.29|Sep-2022-192.75|Oct-2022-190.95|Nov-2022-190.48|Dec-2022-178.68|Jan-2023-201.18|Feb-2023-188.25|Mar-2023-204.15|Apr-2023-193.05|May-2023-203.19|Jun-2023-212.76|July-2023-221.6|Aug-2023-223.29|Sep-2023-192.75|Oct-2023-190.95|Nov-2023-190.48|Dec-2023-178.68|Jan-2024-201.18|Feb-2024-188.25|Mar-2024-204.15|Apr-2024-193.05|May-2024-203.19|Jun-2024-212.76|July-2024-221.6|Aug-2024-223.29|Sep-2024-192.75', 'Sep-2021-0|Oct-2021-0|Nov-2021-0|Dec-2021-0|Jan-2022-0|Feb-2022-0|Mar-2022-0|Apr-2022-0|May-2022-0|Jun-2022-0|July-2022-0|Aug-2022-0|Sep-2022-0|Oct-2022-0|Nov-2022-0|Dec-2022-0|Jan-2023-0|Feb-2023-0|Mar-2023-0|Apr-2023-0|May-2023-0|Jun-2023-0|July-2023-0|Aug-2023-0|Sep-2023-0|Oct-2023-0|Nov-2023-0|Dec-2023-0|Jan-2024-0|Feb-2024-0|Mar-2024-0|Apr-2024-0|May-2024-0|Jun-2024-0|July-2024-0|Aug-2024-0|Sep-2024-0', NULL, NULL, NULL),
(52, 'Boortmalt - International', 22, 'Boortmalt-elec-00002', 'Belgium', 'electricity', '', 'Axpo', 'indexed', 'Ice Endex', '2021-08-01', '2024-12-31', 0.00, '2,766', '2766', '2021-8-01,2021-9-01,2021-10-01,2021-11-01,2021-12-01,2022-1-01,2022-2-01,2022-3-01,2022-4-01,2022-5-01,2022-6-01,2022-7-01,2022-8-01,2022-9-01,2022-10-01,2022-11-01,2022-12-01,2023-1-01,2023-2-01,2023-3-01,2023-4-01,2023-5-01,2023-6-01,2023-7-01,2023-8-01,2023-9-01,2023-10-01,2023-11-01,2023-12-01,2024-1-01,2024-2-01,2024-3-01,2024-4-01,2024-5-01,2024-6-01,2024-7-01,2024-8-01,2024-9-01,2024-10-01,2024-11-01,2024-12-01', 'EUR', '', NULL, NULL, 'Day Ahead,Spot Daily Market', 'A', 'Aug-2021-235|Sep-2021-235|Oct-2021-235|Nov-2021-227|Dec-2021-182|Jan-2022-235|Feb-2022-212|Mar-2022-235|Apr-2022-250|May-2022-235|Jun-2022-250|July-2022-235|Aug-2022-235|Sep-2022-235|Oct-2022-235|Nov-2022-227|Dec-2022-182|Jan-2023-235|Feb-2023-212|Mar-2023-235|Apr-2023-250|May-2023-235|Jun-2023-250|July-2023-235|Aug-2023-235|Sep-2023-235|Oct-2023-235|Nov-2023-227|Dec-2023-182|Jan-2024-235|Feb-2024-212|Mar-2024-235|Apr-2024-250|May-2024-235|Jun-2024-250|July-2024-235|Aug-2024-235|Sep-2024-235|Oct-2024-235|Nov-2024-227|Dec-2024-182', 'Aug-2021-0|Sep-2021-0|Oct-2021-0|Nov-2021-0|Dec-2021-0|Jan-2022-0|Feb-2022-0|Mar-2022-0|Apr-2022-0|May-2022-0|Jun-2022-0|July-2022-0|Aug-2022-0|Sep-2022-0|Oct-2022-0|Nov-2022-0|Dec-2022-0|Jan-2023-0|Feb-2023-0|Mar-2023-0|Apr-2023-0|May-2023-0|Jun-2023-0|July-2023-0|Aug-2023-0|Sep-2023-0|Oct-2023-0|Nov-2023-0|Dec-2023-0|Jan-2024-0|Feb-2024-0|Mar-2024-0|Apr-2024-0|May-2024-0|Jun-2024-0|July-2024-0|Aug-2024-0|Sep-2024-0|Oct-2024-0|Nov-2024-0|Dec-2024-0', NULL, 'Aug-2021-0|Sep-2021-0|Oct-2021-0|Nov-2021-0|Dec-2021-0|Jan-2022-0|Feb-2022-0|Mar-2022-0|Apr-2022-0|May-2022-0|Jun-2022-0|July-2022-0|Aug-2022-0|Sep-2022-0|Oct-2022-0|Nov-2022-0|Dec-2022-0|Jan-2023-0|Feb-2023-0|Mar-2023-0|Apr-2023-0|May-2023-0|Jun-2023-0|July-2023-0|Aug-2023-0|Sep-2023-0|Oct-2023-0|Nov-2023-0|Dec-2023-0|Jan-2024-0|Feb-2024-0|Mar-2024-0|Apr-2024-0|May-2024-0|Jun-2024-0|July-2024-0|Aug-2024-0|Sep-2024-0|Oct-2024-0|Nov-2024-0|Dec-2024-0', 'Aug-2021-0|Sep-2021-0|Oct-2021-0|Nov-2021-0|Dec-2021-0|Jan-2022-0|Feb-2022-0|Mar-2022-0|Apr-2022-0|May-2022-0|Jun-2022-0|July-2022-0|Aug-2022-0|Sep-2022-0|Oct-2022-0|Nov-2022-0|Dec-2022-0|Jan-2023-0|Feb-2023-0|Mar-2023-0|Apr-2023-0|May-2023-0|Jun-2023-0|July-2023-0|Aug-2023-0|Sep-2023-0|Oct-2023-0|Nov-2023-0|Dec-2023-0|Jan-2024-0|Feb-2024-0|Mar-2024-0|Apr-2024-0|May-2024-0|Jun-2024-0|July-2024-0|Aug-2024-0|Sep-2024-0|Oct-2024-0|Nov-2024-0|Dec-2024-0'),
(53, 'C&A Europe - International', 28, 'C&A-elec-00002', 'France', 'electricity', '', 'EDF', 'indexed', 'EEX/France', '2023-01-01', '2023-12-31', 0.00, '29,232.13', '29232', '2023-1-01,2023-2-01,2023-3-01,2023-4-01,2023-5-01,2023-6-01,2023-7-01,2023-8-01,2023-9-01,2023-10-01,2023-11-01,2023-12-01', 'EUR', 'Consumption(MWh)', NULL, NULL, 'Day Ahead,Spot Daily Market', 'A', 'Jan-2023-2943.14|Feb-2023-2391.43|Mar-2023-2135.84|Apr-2023-1060.66|May-2023-1881.88|Jun-2023-2640.42|July-2023-2777.41|Aug-2023-2705.32|Sep-2023-2524.62|Oct-2023-2460.39|Nov-2023-2746.18|Dec-2023-2964.83', 'Jan-2023-0|Feb-2023-0|Mar-2023-0|Apr-2023-0|May-2023-0|Jun-2023-0|July-2023-0|Aug-2023-0|Sep-2023-0|Oct-2023-0|Nov-2023-0|Dec-2023-0', NULL, 'Jan-2023-0|Feb-2023-0|Mar-2023-0|Apr-2023-0|May-2023-0|Jun-2023-0|July-2023-0|Aug-2023-0|Sep-2023-0|Oct-2023-0|Nov-2023-0|Dec-2023-0', 'Jan-2023-0|Feb-2023-0|Mar-2023-0|Apr-2023-0|May-2023-0|Jun-2023-0|July-2023-0|Aug-2023-0|Sep-2023-0|Oct-2023-0|Nov-2023-0|Dec-2023-0'),
(54, 'C&A Europe - International', 30, 'C&A-elec-00001', 'Luxembourg', 'electricity', '', 'Enovos', 'fixed', '', '2023-01-01', '2023-12-31', 461.64, '461', '461', '2023-1-01,2023-2-01,2023-3-01,2023-4-01,2023-5-01,2023-6-01,2023-7-01,2023-8-01,2023-9-01,2023-10-01,2023-11-01,2023-12-01', 'EUR', NULL, NULL, NULL, NULL, 'A', 'Jan-2023-38.42|Feb-2023-38.42|Mar-2023-38.42|Apr-2023-38.42|May-2023-38.42|Jun-2023-38.42|July-2023-38.42|Aug-2023-38.42|Sep-2023-38.42|Oct-2023-38.42|Nov-2023-38.42|Dec-2023-38.42', 'Jan-2023-0|Feb-2023-0|Mar-2023-0|Apr-2023-0|May-2023-0|Jun-2023-0|July-2023-0|Aug-2023-0|Sep-2023-0|Oct-2023-0|Nov-2023-0|Dec-2023-0', NULL, NULL, NULL),
(55, 'C&A Europe - International', 30, 'C&A-elec-00002', 'Luxembourg', 'electricity', '', 'Luxembourg energy Office', 'fixed', '', '2024-01-01', '2025-12-31', 530.80, '530', '530', '2024-1-01,2024-2-01,2024-3-01,2024-4-01,2024-5-01,2024-6-01,2024-7-01,2024-8-01,2024-9-01,2024-10-01,2024-11-01,2024-12-01,2025-1-01,2025-2-01,2025-3-01,2025-4-01,2025-5-01,2025-6-01,2025-7-01,2025-8-01,2025-9-01,2025-10-01,2025-11-01,2025-12-01', 'EUR', NULL, NULL, NULL, NULL, 'A', 'Jan-2024-44.17|Feb-2024-44.17|Mar-2024-44.17|Apr-2024-44.17|May-2024-44.17|Jun-2024-44.17|July-2024-44.17|Aug-2024-44.17|Sep-2024-44.17|Oct-2024-44.17|Nov-2024-44.17|Dec-2024-44.17|Jan-2025-44.17|Feb-2025-44.17|Mar-2025-44.17|Apr-2025-44.17|May-2025-44.17|Jun-2025-44.17|July-2025-44.17|Aug-2025-44.17|Sep-2025-44.17|Oct-2025-44.17|Nov-2025-44.17|Dec-2025-44.17', 'Jan-2024-0|Feb-2024-0|Mar-2024-0|Apr-2024-0|May-2024-0|Jun-2024-0|July-2024-0|Aug-2024-0|Sep-2024-0|Oct-2024-0|Nov-2024-0|Dec-2024-0|Jan-2025-0|Feb-2025-0|Mar-2025-0|Apr-2025-0|May-2025-0|Jun-2025-0|July-2025-0|Aug-2025-0|Sep-2025-0|Oct-2025-0|Nov-2025-0|Dec-2025-0', NULL, NULL, NULL),
(56, 'C&A Europe - International', 30, 'C&A-elec-00003', 'Luxembourg', 'electricity', '', 'Luxembourg energy Office', 'fixed', '', '2024-01-01', '2025-12-31', 526.33, '530', '530', '2024-1-01,2024-2-01,2024-3-01,2024-4-01,2024-5-01,2024-6-01,2024-7-01,2024-8-01,2024-9-01,2024-10-01,2024-11-01,2024-12-01,2025-1-01,2025-2-01,2025-3-01,2025-4-01,2025-5-01,2025-6-01,2025-7-01,2025-8-01,2025-9-01,2025-10-01,2025-11-01,2025-12-01', 'EUR', NULL, NULL, NULL, NULL, 'A', 'Jan-2024-44.17|Feb-2024-44.17|Mar-2024-44.17|Apr-2024-44.17|May-2024-44.17|Jun-2024-44.17|July-2024-44.17|Aug-2024-44.17|Sep-2024-44.17|Oct-2024-44.17|Nov-2024-44.17|Dec-2024-44.17|Jan-2025-44.17|Feb-2025-44.17|Mar-2025-44.17|Apr-2025-44.17|May-2025-44.17|Jun-2025-44.17|July-2025-44.17|Aug-2025-44.17|Sep-2025-44.17|Oct-2025-44.17|Nov-2025-44.17|Dec-2025-44.17', 'Jan-2024-0|Feb-2024-0|Mar-2024-0|Apr-2024-0|May-2024-0|Jun-2024-0|July-2024-0|Aug-2024-0|Sep-2024-0|Oct-2024-0|Nov-2024-0|Dec-2024-0|Jan-2025-0|Feb-2025-0|Mar-2025-0|Apr-2025-0|May-2025-0|Jun-2025-0|July-2025-0|Aug-2025-0|Sep-2025-0|Oct-2025-0|Nov-2025-0|Dec-2025-0', NULL, NULL, NULL),
(57, 'C&A Europe - International', 26, 'C&A-elec-00002', 'Germany', 'electricity', '', 'Enovos Energie Deutschland GmbH', 'indexed', 'EEX/Deutschland', '2023-01-01', '2023-12-31', 0.00, '160,000', '160000', '2023-1-01,2023-2-01,2023-3-01,2023-4-01,2023-5-01,2023-6-01,2023-7-01,2023-8-01,2023-9-01,2023-10-01,2023-11-01,2023-12-01', 'EUR', 'Consumption(MWh)', NULL, NULL, 'Calendar Ahead,Last Value', 'A', 'Jan-2023-13333.33|Feb-2023-13333.33|Mar-2023-13333.33|Apr-2023-13333.33|May-2023-13333.33|Jun-2023-13333.33|July-2023-13333.33|Aug-2023-13333.33|Sep-2023-13333.34|Oct-2023-13333.34|Nov-2023-13333.34|Dec-2023-13333.34', 'Jan-2023-10916.666666666|Feb-2023-10916.666666666|Mar-2023-10916.666666666|Apr-2023-10916.666666666|May-2023-10916.666666666|Jun-2023-10916.666666666|July-2023-10916.666666666|Aug-2023-10916.666666666|Sep-2023-10916.666666666|Oct-2023-10916.666666666|Nov-2023-10916.666666666|Dec-2023-10916.666666666', 'Jan-2023-2416.333333334|Feb-2023-2416.333333334|Mar-2023-2416.333333334|Apr-2023-2416.333333334|May-2023-2416.333333334|Jun-2023-2416.333333334|July-2023-2416.333333334|Aug-2023-2416.333333334|Sep-2023-2416.333333334|Oct-2023-2416.333333334|Nov-2023-2416.333333334|Dec-2023-2416.333333334', 'Jan-2023-0|Feb-2023-0|Mar-2023-0|Apr-2023-0|May-2023-0|Jun-2023-0|July-2023-0|Aug-2023-0|Sep-2023-0|Oct-2023-0|Nov-2023-0|Dec-2023-0', 'Jan-2023-0|Feb-2023-0|Mar-2023-0|Apr-2023-0|May-2023-0|Jun-2023-0|July-2023-0|Aug-2023-0|Sep-2023-0|Oct-2023-0|Nov-2023-0|Dec-2023-0'),
(59, 'C&A Europe - International', 16, 'C&A-elec-00003', 'Poland', 'electricity', '', 'E.ON Polska S.A.', 'indexed', 'TGE (EFM)', '2022-01-01', '2023-12-31', 0.00, '3,710', '3710', '2022-1-01,2022-2-01,2022-3-01,2022-4-01,2022-5-01,2022-6-01,2022-7-01,2022-8-01,2022-9-01,2022-10-01,2022-11-01,2022-12-01,2023-1-01,2023-2-01,2023-3-01,2023-4-01,2023-5-01,2023-6-01,2023-7-01,2023-8-01,2023-9-01,2023-10-01,2023-11-01,2023-12-01', 'PLN', 'Consumption(MWh)', NULL, NULL, 'Day Ahead,Spot Daily Market', 'A', 'Jan-2022-285.91|Feb-2022-264.75|Mar-2022-301.58|Apr-2022-296.71|May-2022-320.26|Jun-2022-330.81|July-2022-349.14|Aug-2022-347.7|Sep-2022-322.99|Oct-2022-313.55|Nov-2022-287.58|Dec-2022-289.02|Jan-2023-285.91|Feb-2023-264.75|Mar-2023-301.58|Apr-2023-296.71|May-2023-320.26|Jun-2023-330.81|July-2023-349.14|Aug-2023-347.7|Sep-2023-322.99|Oct-2023-313.55|Nov-2023-287.58|Dec-2023-289.02', 'Jan-2022-0|Feb-2022-0|Mar-2022-0|Apr-2022-0|May-2022-0|Jun-2022-0|July-2022-0|Aug-2022-0|Sep-2022-0|Oct-2022-0|Nov-2022-0|Dec-2022-0|Jan-2023-285.91|Feb-2023-264.75|Mar-2023-301.58|Apr-2023-296.71|May-2023-320.26|Jun-2023-330.81|July-2023-349.14|Aug-2023-347.7|Sep-2023-322.99|Oct-2023-250.84|Nov-2023-230.064|Dec-2023-231.216', 'Jan-2022-285|Feb-2022-264|Mar-2022-301|Apr-2022-296|May-2022-320|Jun-2022-330|July-2022-349|Aug-2022-347|Sep-2022-322|Oct-2022-313|Nov-2022-287|Dec-2022-289|Jan-2023--0.91000000000003|Feb-2023--0.75|Mar-2023--0.57999999999998|Apr-2023--0.70999999999998|May-2023--0.25999999999999|Jun-2023--0.81|July-2023--0.13999999999999|Aug-2023--0.69999999999999|Sep-2023--0.99000000000001|Oct-2023-62.16|Nov-2023-56.936|Dec-2023-57.784', 'Jan-2022-0|Feb-2022-0|Mar-2022-0|Apr-2022-0|May-2022-0|Jun-2022-0|July-2022-0|Aug-2022-0|Sep-2022-0|Oct-2022-0|Nov-2022-0|Dec-2022-0|Jan-2023-0|Feb-2023-0|Mar-2023-0|Apr-2023-0|May-2023-0|Jun-2023-0|July-2023-0|Aug-2023-0|Sep-2023-0|Oct-2023-0|Nov-2023-0|Dec-2023-0', 'Jan-2022-0|Feb-2022-0|Mar-2022-0|Apr-2022-0|May-2022-0|Jun-2022-0|July-2022-0|Aug-2022-0|Sep-2022-0|Oct-2022-0|Nov-2022-0|Dec-2022-0|Jan-2023-0|Feb-2023-0|Mar-2023-0|Apr-2023-0|May-2023-0|Jun-2023-0|July-2023-0|Aug-2023-0|Sep-2023-0|Oct-2023-0|Nov-2023-0|Dec-2023-0'),
(60, 'C&A Europe - International', 27, 'C&A-elec-00001', 'Slovenia', 'electricity', '', 'HEP Energija d.o.o.', 'fixed', '', '2022-02-01', '2024-12-31', 170.00, '1,647.08', '1647', '2022-2-01,2022-3-01,2022-4-01,2022-5-01,2022-6-01,2022-7-01,2022-8-01,2022-9-01,2022-10-01,2022-11-01,2022-12-01,2023-1-01,2023-2-01,2023-3-01,2023-4-01,2023-5-01,2023-6-01,2023-7-01,2023-8-01,2023-9-01,2023-10-01,2023-11-01,2023-12-01,2024-1-01,2024-2-01,2024-3-01,2024-4-01,2024-5-01,2024-6-01,2024-7-01,2024-8-01,2024-9-01,2024-10-01,2024-11-01,2024-12-01', 'EUR', NULL, NULL, NULL, NULL, 'A', 'Feb-2022-100.85|Mar-2022-155.35|Apr-2022-105.99|May-2022-148.49|Jun-2022-179.91|July-2022-190.61|Aug-2022-180.95|Sep-2022-163.48|Oct-2022-150.42|Nov-2022-148.38|Dec-2022-56|Jan-2023-66.64|Feb-2023-100.85|Mar-2023-155.35|Apr-2023-105.99|May-2023-148.49|Jun-2023-179.91|July-2023-190.61|Aug-2023-180.95|Sep-2023-163.48|Oct-2023-150.42|Nov-2023-148.38|Dec-2023-56|Jan-2024-66.64|Feb-2024-100.85|Mar-2024-155.35|Apr-2024-105.99|May-2024-148.49|Jun-2024-179.91|July-2024-190.61|Aug-2024-180.95|Sep-2024-163.48|Oct-2024-150.42|Nov-2024-148.38|Dec-2024-56', 'Feb-2022-0|Mar-2022-0|Apr-2022-0|May-2022-0|Jun-2022-0|July-2022-0|Aug-2022-0|Sep-2022-0|Oct-2022-0|Nov-2022-0|Dec-2022-0|Jan-2023-0|Feb-2023-0|Mar-2023-0|Apr-2023-0|May-2023-0|Jun-2023-0|July-2023-0|Aug-2023-0|Sep-2023-0|Oct-2023-0|Nov-2023-0|Dec-2023-0|Jan-2024-0|Feb-2024-0|Mar-2024-0|Apr-2024-0|May-2024-0|Jun-2024-0|July-2024-0|Aug-2024-0|Sep-2024-0|Oct-2024-0|Nov-2024-0|Dec-2024-0', NULL, NULL, NULL),
(61, 'C&A Europe - International', 15, 'C&A-gas-00003', 'Belgium', 'natural gas', 'MWh', 'Engie', 'indexed', 'TTF', '2024-01-01', '2025-12-31', 0.00, '18,112', '18112', '2024-1-01,2024-2-01,2024-3-01,2024-4-01,2024-5-01,2024-6-01,2024-7-01,2024-8-01,2024-9-01,2024-10-01,2024-11-01,2024-12-01,2025-1-01,2025-2-01,2025-3-01,2025-4-01,2025-5-01,2025-6-01,2025-7-01,2025-8-01,2025-9-01,2025-10-01,2025-11-01,2025-12-01', 'EUR', 'Consumption(MWh)', NULL, NULL, 'Day Ahead,Spot Daily Market', 'A', 'Jan-2024-1509.33|Feb-2024-1509.33|Mar-2024-1509.33|Apr-2024-1509.33|May-2024-1509.33|Jun-2024-1509.33|July-2024-1509.33|Aug-2024-1509.33|Sep-2024-1509.33|Oct-2024-1509.33|Nov-2024-1509.33|Dec-2024-1509.33|Jan-2025-1509.33|Feb-2025-1509.33|Mar-2025-1509.33|Apr-2025-1509.33|May-2025-1509.33|Jun-2025-1509.33|July-2025-1509.33|Aug-2025-1509.33|Sep-2025-1509.33|Oct-2025-1509.33|Nov-2025-1509.33|Dec-2025-1509.33', 'Jan-2024-0|Feb-2024-0|Mar-2024-0|Apr-2024-0|May-2024-0|Jun-2024-0|July-2024-0|Aug-2024-0|Sep-2024-0|Oct-2024-0|Nov-2024-0|Dec-2024-0|Jan-2025-0|Feb-2025-0|Mar-2025-0|Apr-2025-0|May-2025-0|Jun-2025-0|July-2025-0|Aug-2025-0|Sep-2025-0|Oct-2025-0|Nov-2025-0|Dec-2025-0', NULL, 'Jan-2024-0|Feb-2024-0|Mar-2024-0|Apr-2024-0|May-2024-0|Jun-2024-0|July-2024-0|Aug-2024-0|Sep-2024-0|Oct-2024-0|Nov-2024-0|Dec-2024-0|Jan-2025-0|Feb-2025-0|Mar-2025-0|Apr-2025-0|May-2025-0|Jun-2025-0|July-2025-0|Aug-2025-0|Sep-2025-0|Oct-2025-0|Nov-2025-0|Dec-2025-0', 'Jan-2024-0|Feb-2024-0|Mar-2024-0|Apr-2024-0|May-2024-0|Jun-2024-0|July-2024-0|Aug-2024-0|Sep-2024-0|Oct-2024-0|Nov-2024-0|Dec-2024-0|Jan-2025-0|Feb-2025-0|Mar-2025-0|Apr-2025-0|May-2025-0|Jun-2025-0|July-2025-0|Aug-2025-0|Sep-2025-0|Oct-2025-0|Nov-2025-0|Dec-2025-0'),
(62, 'AtlasEdge - International', 19, 'Roosevelt-elec-00003', 'United Kingdom', 'electricity', '', 'Smartest Energy Limited', 'indexed', 'OTC - NBP - UK', '2022-07-01', '2025-03-31', 0.00, '7,292.88', '7292', '2022-7-01,2022-8-01,2022-9-01,2022-10-01,2022-11-01,2022-12-01,2023-1-01,2023-2-01,2023-3-01,2023-4-01,2023-5-01,2023-6-01,2023-7-01,2023-8-01,2023-9-01,2023-10-01,2023-11-01,2023-12-01,2024-1-01,2024-2-01,2024-3-01,2024-4-01,2024-5-01,2024-6-01,2024-7-01,2024-8-01,2024-9-01,2024-10-01,2024-11-01,2024-12-01,2025-1-01,2025-2-01,2025-3-01', 'GBP', 'Power(MW)', NULL, NULL, 'Day Ahead,Spot Daily Market', 'A', 'July-2022-632.4|Aug-2022-632.4|Sep-2022-612|Oct-2022-610.08|Nov-2022-590.4|Dec-2022-610.07|Jan-2023-617.52|Feb-2023-557.76|Mar-2023-617.52|Apr-2023-597.6|May-2023-617.52|Jun-2023-597.6|July-2023-632.4|Aug-2023-632.4|Sep-2023-612|Oct-2023-610.08|Nov-2023-590.4|Dec-2023-610.07|Jan-2024-617.52|Feb-2024-557.76|Mar-2024-617.52|Apr-2024-597.6|May-2024-617.52|Jun-2024-597.6|July-2024-632.4|Aug-2024-632.4|Sep-2024-612|Oct-2024-610.08|Nov-2024-590.4|Dec-2024-610.07|Jan-2025-617.52|Feb-2025-557.76|Mar-2025-617.52', 'July-2022-625.33333333333|Aug-2022-625.33333333333|Sep-2022-625.33333333333|Oct-2022-603.33333333333|Nov-2022-603.33333333333|Dec-2022-603.33333333333|Jan-2023-597.33333333333|Feb-2023-597.33333333333|Mar-2023-597.33333333333|Apr-2023-909.66666666667|May-2023-909.66666666667|Jun-2023-909.66666666667|July-2023-625.33333333333|Aug-2023-625.33333333333|Sep-2023-625.33333333333|Oct-2023-0|Nov-2023-0|Dec-2023-0|Jan-2024-604|Feb-2024-604|Mar-2024-604|Apr-2024-604|May-2024-604|Jun-2024-604|July-2024-625.33333333333|Aug-2024-625.33333333333|Sep-2024-625.33333333333|Oct-2024-596|Nov-2024-596|Dec-2024-596|Jan-2025-597.33333333333|Feb-2025-597.33333333333|Mar-2025-597.33333333333', 'July-2022-6.66666666667|Aug-2022-6.66666666667|Sep-2022--13.33333333333|Oct-2022-6.66666666667|Nov-2022--13.33333333333|Dec-2022-6.66666666667|Jan-2023-19.66666666667|Feb-2023--40.33333333333|Mar-2023-19.66666666667|Apr-2023--312.66666666667|May-2023--292.66666666667|Jun-2023--312.66666666667|July-2023-6.66666666667|Aug-2023-6.66666666667|Sep-2023--13.33333333333|Oct-2023-610|Nov-2023-590|Dec-2023-610|Jan-2024-13|Feb-2024--47|Mar-2024-13|Apr-2024--7|May-2024-13|Jun-2024--7|July-2024-6.66666666667|Aug-2024-6.66666666667|Sep-2024--13.33333333333|Oct-2024-14|Nov-2024--6|Dec-2024-14|Jan-2025-19.66666666667|Feb-2025--40.33333333333|Mar-2025-19.66666666667', 'July-2022-0|Aug-2022-0|Sep-2022-0|Oct-2022-0|Nov-2022-0|Dec-2022-0|Jan-2023-100|Feb-2023-100|Mar-2023-100|Apr-2023-100|May-2023-100|Jun-2023-100|July-2023-100|Aug-2023-100|Sep-2023-100|Oct-2023-100|Nov-2023-100|Dec-2023-100|Jan-2024-100|Feb-2024-100|Mar-2024-100|Apr-2024-100|May-2024-100|Jun-2024-100|July-2024-100|Aug-2024-100|Sep-2024-100|Oct-2024-100|Nov-2024-100|Dec-2024-100|Jan-2025-0|Feb-2025-0|Mar-2025-0', 'July-2022-0|Aug-2022-0|Sep-2022-0|Oct-2022-0|Nov-2022-0|Dec-2022-0|Jan-2023-100|Feb-2023-100|Mar-2023-100|Apr-2023-100|May-2023-100|Jun-2023-100|July-2023-100|Aug-2023-100|Sep-2023-100|Oct-2023-100|Nov-2023-100|Dec-2023-100|Jan-2024-101|Feb-2024-101|Mar-2024-101|Apr-2024-101|May-2024-101|Jun-2024-101|July-2024-101|Aug-2024-101|Sep-2024-101|Oct-2024-101|Nov-2024-101|Dec-2024-101|Jan-2025-0|Feb-2025-0|Mar-2025-0'),
(63, 'AtlasEdge - International', 19, 'Roosevelt-elec-00004', 'United Kingdom', 'electricity', '', 'Smartest Energy Limited', 'indexed', 'OTC - NBP - UK', '2025-04-01', '2027-03-31', 0.00, '7,292.64', '7292', '2025-4-01,2025-5-01,2025-6-01,2025-7-01,2025-8-01,2025-9-01,2025-10-01,2025-11-01,2025-12-01,2026-1-01,2026-2-01,2026-3-01,2026-4-01,2026-5-01,2026-6-01,2026-7-01,2026-8-01,2026-9-01,2026-10-01,2026-11-01,2026-12-01,2027-1-01,2027-2-01,2027-3-01', 'GBP', 'Power(MW)', NULL, NULL, 'Day Ahead,Spot Daily Market', 'A', 'Apr-2025-604.8|May-2025-624.96|Jun-2025-604.8|July-2025-624.96|Aug-2025-624.96|Sep-2025-604.8|Oct-2025-610.08|Nov-2025-590.4|Dec-2025-610.08|Jan-2026-617.52|Feb-2026-557.76|Mar-2026-617.52|Apr-2026-604.8|May-2026-624.96|Jun-2026-604.8|July-2026-624.96|Aug-2026-624.96|Sep-2026-604.8|Oct-2026-610.08|Nov-2026-590.4|Dec-2026-610.08|Jan-2027-617.52|Feb-2027-557.76|Mar-2027-617.52', 'Apr-2025-305.66666666667|May-2025-305.66666666667|Jun-2025-305.66666666667|July-2025-309|Aug-2025-309|Sep-2025-309|Oct-2025-301.66666666667|Nov-2025-301.66666666667|Dec-2025-301.66666666667|Jan-2026-295|Feb-2026-295|Mar-2026-295|Apr-2026-0|May-2026-0|Jun-2026-0|July-2026-0|Aug-2026-0|Sep-2026-0|Oct-2026-0|Nov-2026-0|Dec-2026-0|Jan-2027-0|Feb-2027-0|Mar-2027-0', 'Apr-2025-298.33333333333|May-2025-318.33333333333|Jun-2025-298.33333333333|July-2025-315|Aug-2025-315|Sep-2025-295|Oct-2025-308.33333333333|Nov-2025-288.33333333333|Dec-2025-308.33333333333|Jan-2026-322|Feb-2026-262|Mar-2026-322|Apr-2026-604|May-2026-624|Jun-2026-604|July-2026-624|Aug-2026-624|Sep-2026-604|Oct-2026-610|Nov-2026-590|Dec-2026-610|Jan-2027-617|Feb-2027-557|Mar-2027-617', 'Apr-2025-0|May-2025-0|Jun-2025-0|July-2025-0|Aug-2025-0|Sep-2025-0|Oct-2025-0|Nov-2025-0|Dec-2025-0|Jan-2026-0|Feb-2026-0|Mar-2026-0|Apr-2026-0|May-2026-0|Jun-2026-0|July-2026-0|Aug-2026-0|Sep-2026-0|Oct-2026-0|Nov-2026-0|Dec-2026-0|Jan-2027-0|Feb-2027-0|Mar-2027-0', 'Apr-2025-0|May-2025-0|Jun-2025-0|July-2025-0|Aug-2025-0|Sep-2025-0|Oct-2025-0|Nov-2025-0|Dec-2025-0|Jan-2026-0|Feb-2026-0|Mar-2026-0|Apr-2026-0|May-2026-0|Jun-2026-0|July-2026-0|Aug-2026-0|Sep-2026-0|Oct-2026-0|Nov-2026-0|Dec-2026-0|Jan-2027-0|Feb-2027-0|Mar-2027-0'),
(64, 'AtlasEdge - International', 1, 'Roosevelt-elec-00004', 'Italy', 'electricity', '', 'Edison Energia SpA', 'indexed', 'EEX/Italy', '2025-01-01', '2025-12-31', 0.00, '9,869', '9869', '2025-1-01,2025-2-01,2025-3-01,2025-4-01,2025-5-01,2025-6-01,2025-7-01,2025-8-01,2025-9-01,2025-10-01,2025-11-01,2025-12-01', 'EUR', 'Power(MW)', NULL, NULL, 'Day Ahead,Spot Daily Market', 'A', 'Jan-2025-797|Feb-2025-728|Mar-2025-801|Apr-2025-814|May-2025-853|Jun-2025-832|July-2025-883|Aug-2025-878|Sep-2025-837|Oct-2025-835|Nov-2025-803|Dec-2025-808', 'Jan-2025-0|Feb-2025-0|Mar-2025-0|Apr-2025-0|May-2025-0|Jun-2025-0|July-2025-0|Aug-2025-0|Sep-2025-0|Oct-2025-0|Nov-2025-0|Dec-2025-0', NULL, 'Jan-2025-0|Feb-2025-0|Mar-2025-0|Apr-2025-0|May-2025-0|Jun-2025-0|July-2025-0|Aug-2025-0|Sep-2025-0|Oct-2025-0|Nov-2025-0|Dec-2025-0', 'Jan-2025-0|Feb-2025-0|Mar-2025-0|Apr-2025-0|May-2025-0|Jun-2025-0|July-2025-0|Aug-2025-0|Sep-2025-0|Oct-2025-0|Nov-2025-0|Dec-2025-0'),
(65, 'Boortmalt - International', 13, 'Paul_s-elec-00002', 'United Kingdom', 'electricity', '', 'Haven Power', 'indexed', 'OTC - NBP - UK', '2023-04-01', '2024-03-31', 0.00, '24,156', '24156', '2023-4-01,2023-5-01,2023-6-01,2023-7-01,2023-8-01,2023-9-01,2023-10-01,2023-11-01,2023-12-01,2024-1-01,2024-2-01,2024-3-01', 'GBP', 'Power(MW)', NULL, NULL, 'Day Ahead,Spot Daily Market', 'A', 'Apr-2023-1980|May-2023-2046|Jun-2023-1980|July-2023-2046|Aug-2023-2046|Sep-2023-1980|Oct-2023-2046|Nov-2023-1980|Dec-2023-2046|Jan-2024-2046|Feb-2024-1914|Mar-2024-2046', 'Apr-2023-2000.3333333333|May-2023-1892.3333333333|Jun-2023-2108.3333333333|July-2023-2023.3333333333|Aug-2023-2023.3333333333|Sep-2023-2023.3333333333|Oct-2023-2023.3333333333|Nov-2023-2023.3333333333|Dec-2023-2023.3333333333|Jan-2024-2017.3333333333|Feb-2024-1273.3333333333|Mar-2024-1273.3333333333', 'Apr-2023--20.3333333333|May-2023-153.6666666667|Jun-2023--128.3333333333|July-2023-22.6666666667|Aug-2023-22.6666666667|Sep-2023--43.3333333333|Oct-2023-22.6666666667|Nov-2023--43.3333333333|Dec-2023-22.6666666667|Jan-2024-28.6666666667|Feb-2024-640.6666666667|Mar-2024-772.6666666667', 'Apr-2023-100|May-2023-100|Jun-2023-100|July-2023-100|Aug-2023-100|Sep-2023-100|Oct-2023-100|Nov-2023-100|Dec-2023-100|Jan-2024-0|Feb-2024-0|Mar-2024-0', 'Apr-2023-10|May-2023-10|Jun-2023-10|July-2023-10|Aug-2023-10|Sep-2023-10|Oct-2023-10|Nov-2023-10|Dec-2023-10|Jan-2024-0|Feb-2024-0|Mar-2024-0'),
(67, 'C&A Europe - International', 33, 'C&A-elec-00001', 'Spain', 'electricity', '', 'Foener Comercializacin S.L.U.', 'indexed', 'OMIP', '2023-01-01', '2023-12-31', 0.00, '28,284', '28284', '2023-1-01,2023-2-01,2023-3-01,2023-4-01,2023-5-01,2023-6-01,2023-7-01,2023-8-01,2023-9-01,2023-10-01,2023-11-01,2023-12-01', 'EUR', 'Power(MW)', NULL, NULL, 'Day Ahead,Spot Daily Market', 'A', 'Jan-2023-2407|Feb-2023-2008|Mar-2023-2101|Apr-2023-1952|May-2023-2234|Jun-2023-2486|July-2023-3075|Aug-2023-2992|Sep-2023-2523|Oct-2023-2107|Nov-2023-2147|Dec-2023-2252', 'Jan-2023-2247|Feb-2023-1988|Mar-2023-1972|Apr-2023-1558|May-2023-1690|Jun-2023-1802|July-2023-2943.3333333334|Aug-2023-2854.3333333334|Sep-2023-2259.3333333334|Oct-2023-1707|Nov-2023-1707|Dec-2023-1707', 'Jan-2023-160|Feb-2023-20|Mar-2023-129|Apr-2023-394|May-2023-544|Jun-2023-684|July-2023-131.6666666666|Aug-2023-137.6666666666|Sep-2023-263.6666666666|Oct-2023-400|Nov-2023-440|Dec-2023-545', 'Jan-2023-0|Feb-2023-0|Mar-2023-0|Apr-2023-0|May-2023-0|Jun-2023-0|July-2023-0|Aug-2023-0|Sep-2023-0|Oct-2023-0|Nov-2023-0|Dec-2023-0', 'Jan-2023-0|Feb-2023-0|Mar-2023-0|Apr-2023-0|May-2023-0|Jun-2023-0|July-2023-0|Aug-2023-0|Sep-2023-0|Oct-2023-0|Nov-2023-0|Dec-2023-0'),
(68, 'Boortmalt - International', 32, 'Boortmalt-elec-00002', 'Hungary', 'electricity', '', 'E2 Hungary Zrt.', 'indexed', 'Financial Hedging / International', '2024-01-01', '2025-12-31', 0.00, '3,689', '3689', '2024-1-01,2024-2-01,2024-3-01,2024-4-01,2024-5-01,2024-6-01,2024-7-01,2024-8-01,2024-9-01,2024-10-01,2024-11-01,2024-12-01,2025-1-01,2025-2-01,2025-3-01,2025-4-01,2025-5-01,2025-6-01,2025-7-01,2025-8-01,2025-9-01,2025-10-01,2025-11-01,2025-12-01', 'EUR', 'Consumption(MWh)', NULL, NULL, 'Day Ahead,Spot Daily Market', 'A', 'Jan-2024-307.4|Feb-2024-307.4|Mar-2024-307.4|Apr-2024-307.4|May-2024-307.4|Jun-2024-307.4|July-2024-307.4|Aug-2024-307.4|Sep-2024-307.4|Oct-2024-307.4|Nov-2024-307.4|Dec-2024-307.49|Jan-2025-307.4|Feb-2025-307.4|Mar-2025-307.4|Apr-2025-307.4|May-2025-307.4|Jun-2025-307.4|July-2025-307.4|Aug-2025-307.4|Sep-2025-307.4|Oct-2025-307.4|Nov-2025-307.4|Dec-2025-307.49', 'Jan-2024-219.58333333333|Feb-2024-219.58333333333|Mar-2024-219.58333333333|Apr-2024-219.58333333333|May-2024-219.58333333333|Jun-2024-219.58333333333|July-2024-219.58333333333|Aug-2024-219.58333333333|Sep-2024-219.58333333333|Oct-2024-219.58333333333|Nov-2024-219.58333333333|Dec-2024-219.58333333333|Jan-2025-0|Feb-2025-0|Mar-2025-0|Apr-2025-0|May-2025-0|Jun-2025-0|July-2025-0|Aug-2025-0|Sep-2025-0|Oct-2025-0|Nov-2025-0|Dec-2025-0', 'Jan-2024-87.41666666667|Feb-2024-87.41666666667|Mar-2024-87.41666666667|Apr-2024-87.41666666667|May-2024-87.41666666667|Jun-2024-87.41666666667|July-2024-87.41666666667|Aug-2024-87.41666666667|Sep-2024-87.41666666667|Oct-2024-87.41666666667|Nov-2024-87.41666666667|Dec-2024-87.41666666667|Jan-2025-307|Feb-2025-307|Mar-2025-307|Apr-2025-307|May-2025-307|Jun-2025-307|July-2025-307|Aug-2025-307|Sep-2025-307|Oct-2025-307|Nov-2025-307|Dec-2025-307', 'Jan-2024-0|Feb-2024-0|Mar-2024-0|Apr-2024-0|May-2024-0|Jun-2024-0|July-2024-0|Aug-2024-0|Sep-2024-0|Oct-2024-0|Nov-2024-0|Dec-2024-0|Jan-2025-0|Feb-2025-0|Mar-2025-0|Apr-2025-0|May-2025-0|Jun-2025-0|July-2025-0|Aug-2025-0|Sep-2025-0|Oct-2025-0|Nov-2025-0|Dec-2025-0', 'Jan-2024-0|Feb-2024-0|Mar-2024-0|Apr-2024-0|May-2024-0|Jun-2024-0|July-2024-0|Aug-2024-0|Sep-2024-0|Oct-2024-0|Nov-2024-0|Dec-2024-0|Jan-2025-0|Feb-2025-0|Mar-2025-0|Apr-2025-0|May-2025-0|Jun-2025-0|July-2025-0|Aug-2025-0|Sep-2025-0|Oct-2025-0|Nov-2025-0|Dec-2025-0');
INSERT INTO `nus_supply_contract` (`supplierId`, `parentId`, `clientId`, `contract_id`, `countryName`, `commodityName`, `commodityUnits`, `supplyName`, `contractType`, `contractIndexId`, `contractTermfromDate`, `contractTermtoDate`, `commodityPrice`, `totalAnualConsumption`, `totlconsumption`, `allmonts`, `contractpricetype`, `indexStructureType`, `consumMinsize`, `clickTrancheminsize`, `openPrizemechanism`, `contractstatus`, `consumptionmonth`, `hedgeconsumption`, `openconsumption`, `basegenconsumption`, `effectcon`) VALUES
(69, 'C&A Europe - International', 33, 'C&A-elec-00002', 'Spain', 'electricity', '', 'Foener Comercializacin S.L.U.', 'indexed', 'OMIP', '2024-01-01', '2025-12-31', 0.00, '25,040', '25040', '2024-1-01,2024-2-01,2024-3-01,2024-4-01,2024-5-01,2024-6-01,2024-7-01,2024-8-01,2024-9-01,2024-10-01,2024-11-01,2024-12-01,2025-1-01,2025-2-01,2025-3-01,2025-4-01,2025-5-01,2025-6-01,2025-7-01,2025-8-01,2025-9-01,2025-10-01,2025-11-01,2025-12-01', 'EUR', 'Power(MW)', NULL, NULL, 'Day Ahead,Spot Daily Market', 'A', 'Jan-2024-2170|Feb-2024-1823|Mar-2024-1926|Apr-2024-1761|May-2024-2060|Jun-2024-2422|July-2024-2794|Aug-2024-2610|Sep-2024-2082|Oct-2024-1831|Nov-2024-1740|Dec-2024-1821|Jan-2025-2170|Feb-2025-1823|Mar-2025-1926|Apr-2025-1761|May-2025-2060|Jun-2025-2422|July-2025-2794|Aug-2025-2610|Sep-2025-2082|Oct-2025-1831|Nov-2025-1740|Dec-2025-1821', 'Jan-2024-1320.8333333333|Feb-2024-1320.8333333333|Mar-2024-1320.8333333333|Apr-2024-629.5|May-2024-629.5|Jun-2024-629.5|July-2024-629.5|Aug-2024-629.5|Sep-2024-629.5|Oct-2024-629.5|Nov-2024-629.5|Dec-2024-629.5|Jan-2025-0|Feb-2025-0|Mar-2025-0|Apr-2025-0|May-2025-0|Jun-2025-0|July-2025-0|Aug-2025-0|Sep-2025-0|Oct-2025-0|Nov-2025-0|Dec-2025-0', 'Jan-2024-849.1666666667|Feb-2024-502.1666666667|Mar-2024-605.1666666667|Apr-2024-1131.5|May-2024-1430.5|Jun-2024-1792.5|July-2024-2164.5|Aug-2024-1980.5|Sep-2024-1452.5|Oct-2024-1201.5|Nov-2024-1110.5|Dec-2024-1191.5|Jan-2025-2170|Feb-2025-1823|Mar-2025-1926|Apr-2025-1761|May-2025-2060|Jun-2025-2422|July-2025-2794|Aug-2025-2610|Sep-2025-2082|Oct-2025-1831|Nov-2025-1740|Dec-2025-1821', 'Jan-2024-0|Feb-2024-0|Mar-2024-0|Apr-2024-0|May-2024-0|Jun-2024-0|July-2024-0|Aug-2024-0|Sep-2024-0|Oct-2024-0|Nov-2024-0|Dec-2024-0|Jan-2025-0|Feb-2025-0|Mar-2025-0|Apr-2025-0|May-2025-0|Jun-2025-0|July-2025-0|Aug-2025-0|Sep-2025-0|Oct-2025-0|Nov-2025-0|Dec-2025-0', 'Jan-2024-0|Feb-2024-0|Mar-2024-0|Apr-2024-0|May-2024-0|Jun-2024-0|July-2024-0|Aug-2024-0|Sep-2024-0|Oct-2024-0|Nov-2024-0|Dec-2024-0|Jan-2025-0|Feb-2025-0|Mar-2025-0|Apr-2025-0|May-2025-0|Jun-2025-0|July-2025-0|Aug-2025-0|Sep-2025-0|Oct-2025-0|Nov-2025-0|Dec-2025-0'),
(70, 'C&A Europe - International', 34, 'C-elec-00001', 'Portugal', 'electricity', '', 'ACCIONA GREEN ENERGY DEVELOPMENTS S L SUCURSAL EM PORTUGAL', 'indexed', 'OMIP', '2023-01-01', '2023-12-31', 0.00, '7,062', '7062', '2023-1-01,2023-2-01,2023-3-01,2023-4-01,2023-5-01,2023-6-01,2023-7-01,2023-8-01,2023-9-01,2023-10-01,2023-11-01,2023-12-01', 'EUR', 'Consumption(MWh)', NULL, NULL, 'Day Ahead,Spot Daily Market', 'A', 'Jan-2023-554|Feb-2023-495|Mar-2023-545|Apr-2023-538|May-2023-526|Jun-2023-610|July-2023-652|Aug-2023-730|Sep-2023-677|Oct-2023-643|Nov-2023-545|Dec-2023-547', 'Jan-2023-554|Feb-2023-495|Mar-2023-545|Apr-2023-538|May-2023-526|Jun-2023-610|July-2023-652|Aug-2023-730|Sep-2023-677|Oct-2023-514.4|Nov-2023-436|Dec-2023-437.6', 'Jan-2023-0|Feb-2023-0|Mar-2023-0|Apr-2023-0|May-2023-0|Jun-2023-0|July-2023-0|Aug-2023-0|Sep-2023-0|Oct-2023-128.6|Nov-2023-109|Dec-2023-109.4', 'Jan-2023-0|Feb-2023-0|Mar-2023-0|Apr-2023-0|May-2023-0|Jun-2023-0|July-2023-0|Aug-2023-0|Sep-2023-0|Oct-2023-0|Nov-2023-0|Dec-2023-0', 'Jan-2023-0|Feb-2023-0|Mar-2023-0|Apr-2023-0|May-2023-0|Jun-2023-0|July-2023-0|Aug-2023-0|Sep-2023-0|Oct-2023-0|Nov-2023-0|Dec-2023-0'),
(71, 'C&A Europe - International', 34, 'C&A-elec-00002', 'Portugal', 'electricity', '', 'ACCIONA GREEN ENERGY DEVELOPMENTS S L SUCURSAL EM PORTUGAL', 'indexed', 'OMIP', '2024-01-01', '2025-12-31', 0.00, '7,756', '7756', '2024-1-01,2024-2-01,2024-3-01,2024-4-01,2024-5-01,2024-6-01,2024-7-01,2024-8-01,2024-9-01,2024-10-01,2024-11-01,2024-12-01,2025-1-01,2025-2-01,2025-3-01,2025-4-01,2025-5-01,2025-6-01,2025-7-01,2025-8-01,2025-9-01,2025-10-01,2025-11-01,2025-12-01', 'EUR', 'Consumption(MWh)', NULL, NULL, 'Day Ahead,Spot Daily Market', 'A', 'Jan-2024-594|Feb-2024-511|Mar-2024-662|Apr-2024-561|May-2024-688|Jun-2024-728|July-2024-808|Aug-2024-761|Sep-2024-689|Oct-2024-645|Nov-2024-547|Dec-2024-562|Jan-2025-594|Feb-2025-511|Mar-2025-662|Apr-2025-561|May-2025-688|Jun-2025-728|July-2025-808|Aug-2025-761|Sep-2025-689|Oct-2025-645|Nov-2025-547|Dec-2025-562', 'Jan-2024-297|Feb-2024-255.5|Mar-2024-331|Apr-2024-140.25|May-2024-172|Jun-2024-182|July-2024-202|Aug-2024-190.25|Sep-2024-172.25|Oct-2024-161.25|Nov-2024-136.75|Dec-2024-140.5|Jan-2025-0|Feb-2025-0|Mar-2025-0|Apr-2025-0|May-2025-0|Jun-2025-0|July-2025-0|Aug-2025-0|Sep-2025-0|Oct-2025-0|Nov-2025-0|Dec-2025-0', 'Jan-2024-297|Feb-2024-255.5|Mar-2024-331|Apr-2024-420.75|May-2024-516|Jun-2024-546|July-2024-606|Aug-2024-570.75|Sep-2024-516.75|Oct-2024-483.75|Nov-2024-410.25|Dec-2024-421.5|Jan-2025-594|Feb-2025-511|Mar-2025-662|Apr-2025-561|May-2025-688|Jun-2025-728|July-2025-808|Aug-2025-761|Sep-2025-689|Oct-2025-645|Nov-2025-547|Dec-2025-562', 'Jan-2024-0|Feb-2024-0|Mar-2024-0|Apr-2024-0|May-2024-0|Jun-2024-0|July-2024-0|Aug-2024-0|Sep-2024-0|Oct-2024-0|Nov-2024-0|Dec-2024-0|Jan-2025-0|Feb-2025-0|Mar-2025-0|Apr-2025-0|May-2025-0|Jun-2025-0|July-2025-0|Aug-2025-0|Sep-2025-0|Oct-2025-0|Nov-2025-0|Dec-2025-0', 'Jan-2024-0|Feb-2024-0|Mar-2024-0|Apr-2024-0|May-2024-0|Jun-2024-0|July-2024-0|Aug-2024-0|Sep-2024-0|Oct-2024-0|Nov-2024-0|Dec-2024-0|Jan-2025-0|Feb-2025-0|Mar-2025-0|Apr-2025-0|May-2025-0|Jun-2025-0|July-2025-0|Aug-2025-0|Sep-2025-0|Oct-2025-0|Nov-2025-0|Dec-2025-0'),
(72, 'C&A Europe - International', 33, 'C&A-elec-00003', 'Spain', 'electricity', '', 'Guixs Energa, SL', 'indexed', 'OMIP', '2023-01-01', '2023-12-31', 0.00, '301', '301', '2023-1-01,2023-2-01,2023-3-01,2023-4-01,2023-5-01,2023-6-01,2023-7-01,2023-8-01,2023-9-01,2023-10-01,2023-11-01,2023-12-01', 'EUR', 'Consumption(MWh)', NULL, NULL, 'Day Ahead,Spot Daily Market', 'A', 'Jan-2023-15|Feb-2023-13|Mar-2023-14|Apr-2023-16|May-2023-21|Jun-2023-25|July-2023-30|Aug-2023-30|Sep-2023-32|Oct-2023-33|Nov-2023-35|Dec-2023-37', 'Jan-2023-0|Feb-2023-0|Mar-2023-0|Apr-2023-0|May-2023-0|Jun-2023-0|July-2023-0|Aug-2023-0|Sep-2023-0|Oct-2023-0|Nov-2023-0|Dec-2023-0', NULL, 'Jan-2023-0|Feb-2023-0|Mar-2023-0|Apr-2023-0|May-2023-0|Jun-2023-0|July-2023-0|Aug-2023-0|Sep-2023-0|Oct-2023-0|Nov-2023-0|Dec-2023-0', 'Jan-2023-0|Feb-2023-0|Mar-2023-0|Apr-2023-0|May-2023-0|Jun-2023-0|July-2023-0|Aug-2023-0|Sep-2023-0|Oct-2023-0|Nov-2023-0|Dec-2023-0'),
(73, 'C&A Europe - International', 17, 'C&A-elec-00002', 'Italy', 'electricity', '', 'A2A', 'indexed', 'EEX/Italy', '2024-01-01', '2024-12-31', 0.00, '2,172.53', '2172', '2024-1-01,2024-2-01,2024-3-01,2024-4-01,2024-5-01,2024-6-01,2024-7-01,2024-8-01,2024-9-01,2024-10-01,2024-11-01,2024-12-01', 'EUR', 'Consumption(MWh)', NULL, NULL, 'Day Ahead,Spot Daily Market', 'A', 'Jan-2024-222.37|Feb-2024-183.03|Mar-2024-179.53|Apr-2024-145.28|May-2024-168.5|Jun-2024-195.31|July-2024-226.85|Aug-2024-208.96|Sep-2024-168.27|Oct-2024-153.03|Nov-2024-150.76|Dec-2024-170.64', 'Jan-2024-0|Feb-2024-0|Mar-2024-0|Apr-2024-0|May-2024-0|Jun-2024-0|July-2024-0|Aug-2024-0|Sep-2024-0|Oct-2024-0|Nov-2024-0|Dec-2024-0', NULL, 'Jan-2024-0|Feb-2024-0|Mar-2024-0|Apr-2024-0|May-2024-0|Jun-2024-0|July-2024-0|Aug-2024-0|Sep-2024-0|Oct-2024-0|Nov-2024-0|Dec-2024-0', 'Jan-2024-0|Feb-2024-0|Mar-2024-0|Apr-2024-0|May-2024-0|Jun-2024-0|July-2024-0|Aug-2024-0|Sep-2024-0|Oct-2024-0|Nov-2024-0|Dec-2024-0'),
(74, 'C&A Europe - International', 16, 'C&A-elec-00004', 'Poland', 'electricity', '', 'E.ON Polska S.A.', 'indexed', 'TGE (EFM)', '2024-01-01', '2024-12-31', 0.00, '4,650', '4650', '2024-1-01,2024-2-01,2024-3-01,2024-4-01,2024-5-01,2024-6-01,2024-7-01,2024-8-01,2024-9-01,2024-10-01,2024-11-01,2024-12-01', 'PLN', 'Consumption(MWh)', NULL, NULL, 'Day Ahead,Spot Daily Market', 'A', 'Jan-2024-427.34|Feb-2024-381.55|Mar-2024-383.67|Apr-2024-371.83|May-2024-376.95|Jun-2024-438.72|July-2024-439.6|Aug-2024-453.29|Sep-2024-343.19|Oct-2024-340.19|Nov-2024-329.86|Dec-2024-363.81', 'Jan-2024-0|Feb-2024-0|Mar-2024-0|Apr-2024-0|May-2024-0|Jun-2024-0|July-2024-0|Aug-2024-0|Sep-2024-0|Oct-2024-0|Nov-2024-0|Dec-2024-0', NULL, 'Jan-2024-0|Feb-2024-0|Mar-2024-0|Apr-2024-0|May-2024-0|Jun-2024-0|July-2024-0|Aug-2024-0|Sep-2024-0|Oct-2024-0|Nov-2024-0|Dec-2024-0', 'Jan-2024-0|Feb-2024-0|Mar-2024-0|Apr-2024-0|May-2024-0|Jun-2024-0|July-2024-0|Aug-2024-0|Sep-2024-0|Oct-2024-0|Nov-2024-0|Dec-2024-0');

-- --------------------------------------------------------

--
-- Table structure for table `nus_tradeperiods`
--

CREATE TABLE `nus_tradeperiods` (
  `tradePerId` int NOT NULL,
  `supplierId` int NOT NULL,
  `periodsId` varchar(128) COLLATE utf8mb4_general_ci DEFAULT NULL,
  `clicktracnches` int DEFAULT NULL,
  `clicktranches` varchar(50) COLLATE utf8mb4_general_ci DEFAULT NULL
) ENGINE=InnoDB DEFAULT CHARSET=utf8mb4 COLLATE=utf8mb4_general_ci;

--
-- Dumping data for table `nus_tradeperiods`
--

INSERT INTO `nus_tradeperiods` (`tradePerId`, `supplierId`, `periodsId`, `clicktracnches`, `clicktranches`) VALUES
(1, 1, 'Calendar Yearly', 2, '% consumption'),
(2, 1, 'Calendar Quarterly', 2, '% consumption'),
(3, 1, 'Calendar Monthly', 2, '% consumption'),
(4, 2, 'Calendar Yearly', 2, ''),
(5, 2, 'Calendar Quarterly', 2, ''),
(6, 2, 'Calendar Monthly', 2, ''),
(7, 4, 'Calendar Yearly', 999, '% consumption'),
(8, 4, 'Calendar Quarterly', 999, '% consumption'),
(9, 4, 'Calendar Monthly', 999, '% consumption'),
(10, 5, 'Calendar Yearly', 999, '% consumption'),
(11, 5, 'Calendar Quarterly', 999, '% consumption'),
(12, 5, 'Calendar Monthly', 999, '% consumption'),
(13, 6, 'Calendar Yearly', 1, '% consumption'),
(14, 7, 'Calendar Yearly', 999, '% consumption'),
(15, 7, 'Calendar Quarterly', 999, '% consumption'),
(16, 7, 'Calendar Monthly', 999, '% consumption'),
(17, 8, 'Calendar Yearly', 999, '% consumption'),
(18, 8, 'Calendar Quarterly', 999, '% consumption'),
(19, 8, 'Calendar Monthly', 999, '% consumption'),
(20, 9, 'Calendar Yearly', 999, '% consumption'),
(21, 9, 'Calendar Quarterly', 999, '% consumption'),
(22, 9, 'Calendar Monthly', 999, '% consumption'),
(23, 10, 'Calendar Yearly', 999, '% consumption'),
(24, 10, 'Calendar Quarterly', 999, '% consumption'),
(25, 10, 'Calendar Monthly', 999, '% consumption'),
(26, 11, 'Calendar Yearly', 999, '% consumption'),
(27, 11, 'Calendar Quarterly', 999, '% consumption'),
(28, 11, 'Calendar Monthly', 999, '% consumption'),
(37, 15, 'Calendar Yearly', 20, '% consumption'),
(38, 15, 'Calendar Quarterly', 20, '% consumption'),
(39, 16, 'Calendar Yearly', 0, '% consumption'),
(40, 17, 'Calendar Yearly', 4, '#MWhs'),
(41, 17, 'Calendar Quarterly', 4, '#MWhs'),
(42, 18, 'Calendar Yearly', 5, '#MWhs'),
(43, 19, 'Calendar Yearly', 1, '% consumption'),
(44, 20, 'Calendar Yearly', 1, '% consumption'),
(45, 18, 'Calendar Yearly', 0, ''),
(46, 18, 'Calendar Quarterly', 11, ''),
(47, 18, 'Calendar Monthly', 11, ''),
(48, 23, 'Calendar Yearly', 99, '% consumption'),
(49, 23, 'Calendar Quarterly', 99, '% consumption'),
(50, 23, 'Calendar Monthly', 99, '% consumption'),
(51, 24, 'Calendar Yearly', 3, '% consumption'),
(52, 25, 'Calendar Yearly', 0, ''),
(53, 25, 'Calendar Quarterly', 11, ''),
(54, 25, 'Calendar Monthly', 11, ''),
(55, 26, 'Calendar Yearly', 999, '% consumption'),
(56, 26, 'Calendar Quarterly', 999, '% consumption'),
(57, 26, 'Calendar Monthly', 999, '% consumption'),
(58, 27, 'Calendar Yearly', 6, '#MWhs'),
(59, 27, 'Calendar Quarterly', 6, '#MWhs'),
(60, 27, 'Calendar Monthly', 6, '#MWhs'),
(61, 28, 'Calendar Yearly', 5, '% consumption'),
(62, 28, 'Calendar Quarterly', 5, '% consumption'),
(63, 28, 'Calendar Monthly', 5, '% consumption'),
(64, 29, 'Calendar Yearly', 999, '#MWhs'),
(65, 29, 'Calendar Quarterly', 999, '#MWhs'),
(66, 29, 'Calendar Monthly', 999, '#MWhs'),
(67, 30, 'Calendar Yearly', 999, '#MWhs'),
(68, 30, 'Calendar Quarterly', 999, '#MWhs'),
(69, 30, 'Calendar Monthly', 999, '#MWhs'),
(70, 31, 'Calendar Yearly', 0, ''),
(71, 31, 'Calendar Quarterly', 7, ''),
(72, 31, 'Calendar Monthly', 7, ''),
(73, 32, 'Calendar Yearly', 999, '#MWhs'),
(74, 32, 'Calendar Quarterly', 999, '#MWhs'),
(75, 32, 'Calendar Monthly', 999, '#MWhs'),
(76, 33, 'Calendar Yearly', 999, '#MWhs'),
(77, 33, 'Calendar Quarterly', 999, '#MWhs'),
(78, 33, 'Calendar Monthly', 999, '#MWhs'),
(79, 34, 'Calendar Yearly', 5, '% consumption'),
(80, 34, 'Calendar Quarterly', 5, '% consumption'),
(81, 34, 'Calendar Monthly', 0, '% consumption'),
(82, 35, 'Calendar Yearly', 20, '% consumption'),
(83, 35, 'Calendar Quarterly', 20, '% consumption'),
(84, 35, 'Calendar Monthly', 20, '% consumption'),
(85, 36, 'Calendar Yearly', 4, '% consumption'),
(86, 36, 'Calendar Quarterly', 4, '% consumption'),
(87, 36, 'Calendar Monthly', 4, '% consumption'),
(88, 37, 'Calendar Yearly', 10, '% consumption'),
(89, 37, 'Calendar Quarterly', 10, '% consumption'),
(90, 37, 'Calendar Monthly', 10, '% consumption'),
(91, 38, 'Calendar Yearly', 4, '% consumption'),
(92, 38, 'Calendar Quarterly', 4, '% consumption'),
(93, 38, 'Calendar Monthly', 4, '% consumption'),
(94, 39, 'Calendar Yearly', 20, '% consumption'),
(95, 39, 'Calendar Quarterly', 20, '% consumption'),
(96, 39, 'Calendar Monthly', 20, '% consumption'),
(97, 40, 'Calendar Yearly', 20, '#MWhs'),
(98, 40, 'Calendar Quarterly', 20, '#MWhs'),
(99, 40, 'Calendar Monthly', 20, '#MWhs'),
(100, 41, 'Calendar Yearly', 0, '% consumption'),
(101, 41, 'Calendar Quarterly', 0, '% consumption'),
(102, 41, 'Calendar Monthly', 0, '% consumption'),
(103, 42, 'Calendar Yearly', 0, ''),
(104, 42, 'Calendar Quarterly', 7, ''),
(105, 42, 'Calendar Monthly', 7, ''),
(106, 43, 'Calendar Yearly', 4, '% consumption'),
(107, 43, 'Calendar Quarterly', 4, '% consumption'),
(108, 43, 'Calendar Monthly', 4, '% consumption'),
(109, 44, 'Calendar Yearly', 4, '% consumption'),
(110, 44, 'Calendar Quarterly', 4, '% consumption'),
(111, 44, 'Calendar Monthly', 4, '% consumption'),
(112, 45, 'Calendar Yearly', 4, '% consumption'),
(113, 45, 'Calendar Quarterly', 4, '% consumption'),
(114, 45, 'Calendar Monthly', 4, '% consumption'),
(115, 46, 'Calendar Yearly', 999, '% consumption'),
(116, 46, 'Calendar Quarterly', 999, '% consumption'),
(117, 46, 'Calendar Monthly', 999, '% consumption'),
(118, 47, 'Calendar Yearly', 8, ''),
(119, 47, 'Calendar Quarterly', 3, ''),
(120, 47, 'Calendar Monthly', 999, ''),
(121, 48, 'Calendar Yearly', 5, '% consumption'),
(122, 48, 'Calendar Quarterly', 5, '% consumption'),
(123, 48, 'Calendar Monthly', 5, '% consumption'),
(124, 52, 'Calendar Yearly', 4, '% consumption'),
(125, 52, 'Calendar Quarterly', 4, '% consumption'),
(126, 52, 'Calendar Monthly', 4, '% consumption'),
(127, 53, 'Calendar Yearly', 1, '% consumption'),
(128, 57, 'Calendar Yearly', 17, '#MWhs'),
(129, 57, 'Calendar Quarterly', 0, '#MWhs'),
(130, 57, 'Calendar Monthly', 0, '#MWhs'),
(134, 58, 'Calendar Yearly', 5, '% consumption'),
(135, 58, 'Calendar Quarterly', 5, '% consumption'),
(136, 58, 'Calendar Monthly', 5, '% consumption'),
(137, 59, 'Calendar Yearly', 5, '% consumption'),
(138, 59, 'Calendar Quarterly', 5, '% consumption'),
(139, 59, 'Calendar Monthly', 5, '% consumption'),
(140, 61, 'Calendar Yearly', 10, '% consumption'),
(141, 61, 'Calendar Quarterly', 10, '% consumption'),
(142, 61, 'Calendar Monthly', 0, '% consumption'),
(143, 62, 'Calendar Yearly', 0, ''),
(144, 62, 'Calendar Quarterly', 7, ''),
(145, 62, 'Calendar Monthly', 7, ''),
(146, 63, 'Calendar Yearly', 0, ''),
(147, 63, 'Calendar Quarterly', 7, ''),
(148, 63, 'Calendar Monthly', 7, ''),
(149, 64, 'Calendar Yearly', 2, ''),
(150, 64, 'Calendar Quarterly', 2, ''),
(151, 64, 'Calendar Monthly', 2, ''),
(152, 65, 'Calendar Yearly', 0, ''),
(153, 65, 'Calendar Quarterly', 11, ''),
(154, 65, 'Calendar Monthly', 11, ''),
(155, 66, 'Calendar Yearly', 4, '#MWhs'),
(156, 66, 'Calendar Quarterly', 0, '#MWhs'),
(157, 66, 'Calendar Monthly', 0, '#MWhs'),
(158, 67, 'Calendar Yearly', 4, ''),
(159, 67, 'Calendar Quarterly', 4, ''),
(160, 67, 'Calendar Monthly', 4, ''),
(161, 68, 'Calendar Yearly', 4, '#MWhs'),
(162, 68, 'Calendar Quarterly', 0, '#MWhs'),
(163, 68, 'Calendar Monthly', 0, '#MWhs'),
(164, 69, 'Calendar Yearly', 10, ''),
(165, 69, 'Calendar Quarterly', 10, ''),
(166, 69, 'Calendar Monthly', 10, ''),
(167, 70, 'Calendar Yearly', 4, '% consumption'),
(168, 70, 'Calendar Quarterly', 4, '% consumption'),
(169, 70, 'Calendar Monthly', 0, '% consumption'),
(170, 71, 'Calendar Yearly', 4, '% consumption'),
(171, 71, 'Calendar Quarterly', 4, '% consumption'),
(172, 71, 'Calendar Monthly', 0, '% consumption'),
(173, 72, 'Calendar Yearly', 0, '% consumption'),
(174, 72, 'Calendar Quarterly', 1, '% consumption'),
(175, 72, 'Calendar Monthly', 1, '% consumption'),
(176, 73, 'Calendar Yearly', 4, '% consumption'),
(177, 73, 'Calendar Quarterly', 1, '% consumption'),
(178, 73, 'Calendar Monthly', 0, '% consumption'),
(179, 74, 'Calendar Yearly', 10, '% consumption'),
(180, 74, 'Calendar Quarterly', 10, '% consumption'),
(181, 74, 'Calendar Monthly', 10, '% consumption');

-- --------------------------------------------------------

--
-- Table structure for table `nus_trade_periods_list`
--

CREATE TABLE `nus_trade_periods_list` (
  `tPeriodsId` int NOT NULL,
  `periodsName` varchar(128) COLLATE utf8mb4_general_ci NOT NULL,
  `addedOn` datetime NOT NULL
) ENGINE=InnoDB DEFAULT CHARSET=utf8mb4 COLLATE=utf8mb4_general_ci;

-- --------------------------------------------------------

--
-- Table structure for table `parentcompanydata`
--

CREATE TABLE `parentcompanydata` (
  `id` int NOT NULL,
  `parentcompany` varchar(255) COLLATE utf8mb4_general_ci NOT NULL
) ENGINE=InnoDB DEFAULT CHARSET=utf8mb4 COLLATE=utf8mb4_general_ci;

--
-- Dumping data for table `parentcompanydata`
--

INSERT INTO `parentcompanydata` (`id`, `parentcompany`) VALUES
(1, 'AtlasEdge - International'),
(5, 'Boortmalt - International'),
(6, 'C&A Europe - International');

--
-- Indexes for dumped tables
--

--
-- Indexes for table `clientcompanydata`
--
ALTER TABLE `clientcompanydata`
  ADD PRIMARY KEY (`id`);

--
-- Indexes for table `enter_trade`
--
ALTER TABLE `enter_trade`
  ADD PRIMARY KEY (`tradeId`);

--
-- Indexes for table `nususerdata`
--
ALTER TABLE `nususerdata`
  ADD PRIMARY KEY (`id`),
  ADD UNIQUE KEY `username` (`username`,`emailId`),
  ADD UNIQUE KEY `username_2` (`username`,`emailId`),
  ADD UNIQUE KEY `username_3` (`username`),
  ADD UNIQUE KEY `emailId` (`emailId`);

--
-- Indexes for table `nus_calendermonth`
--
ALTER TABLE `nus_calendermonth`
  ADD PRIMARY KEY (`monthId`);

--
-- Indexes for table `nus_calenderquarter`
--
ALTER TABLE `nus_calenderquarter`
  ADD PRIMARY KEY (`querterid`);

--
-- Indexes for table `nus_calenderyear`
--
ALTER TABLE `nus_calenderyear`
  ADD PRIMARY KEY (`calenderId`);

--
-- Indexes for table `nus_countries`
--
ALTER TABLE `nus_countries`
  ADD PRIMARY KEY (`countryId`);

--
-- Indexes for table `nus_currencies`
--
ALTER TABLE `nus_currencies`
  ADD PRIMARY KEY (`id`),
  ADD UNIQUE KEY `currencies` (`currencies`);

--
-- Indexes for table `nus_electricity_index`
--
ALTER TABLE `nus_electricity_index`
  ADD PRIMARY KEY (`id`),
  ADD UNIQUE KEY `indexlist` (`indexlist`);

--
-- Indexes for table `nus_naturalgas_index`
--
ALTER TABLE `nus_naturalgas_index`
  ADD PRIMARY KEY (`id`),
  ADD UNIQUE KEY `indexlist` (`indexlist`);

--
-- Indexes for table `nus_pricing_mechanisam`
--
ALTER TABLE `nus_pricing_mechanisam`
  ADD PRIMARY KEY (`priMechId`);

--
-- Indexes for table `nus_season`
--
ALTER TABLE `nus_season`
  ADD PRIMARY KEY (`seasonId`);

--
-- Indexes for table `nus_supply_contract`
--
ALTER TABLE `nus_supply_contract`
  ADD PRIMARY KEY (`supplierId`);

--
-- Indexes for table `nus_tradeperiods`
--
ALTER TABLE `nus_tradeperiods`
  ADD PRIMARY KEY (`tradePerId`);

--
-- Indexes for table `nus_trade_periods_list`
--
ALTER TABLE `nus_trade_periods_list`
  ADD PRIMARY KEY (`tPeriodsId`);

--
-- Indexes for table `parentcompanydata`
--
ALTER TABLE `parentcompanydata`
  ADD PRIMARY KEY (`id`),
  ADD UNIQUE KEY `parentcompany` (`parentcompany`);

--
-- AUTO_INCREMENT for dumped tables
--

--
-- AUTO_INCREMENT for table `clientcompanydata`
--
ALTER TABLE `clientcompanydata`
  MODIFY `id` int NOT NULL AUTO_INCREMENT, AUTO_INCREMENT=35;

--
-- AUTO_INCREMENT for table `enter_trade`
--
ALTER TABLE `enter_trade`
  MODIFY `tradeId` int NOT NULL AUTO_INCREMENT, AUTO_INCREMENT=307;

--
-- AUTO_INCREMENT for table `nususerdata`
--
ALTER TABLE `nususerdata`
  MODIFY `id` int NOT NULL AUTO_INCREMENT, AUTO_INCREMENT=11;

--
-- AUTO_INCREMENT for table `nus_calendermonth`
--
ALTER TABLE `nus_calendermonth`
  MODIFY `monthId` int NOT NULL AUTO_INCREMENT, AUTO_INCREMENT=1280;

--
-- AUTO_INCREMENT for table `nus_calenderquarter`
--
ALTER TABLE `nus_calenderquarter`
  MODIFY `querterid` int NOT NULL AUTO_INCREMENT, AUTO_INCREMENT=457;

--
-- AUTO_INCREMENT for table `nus_calenderyear`
--
ALTER TABLE `nus_calenderyear`
  MODIFY `calenderId` int NOT NULL AUTO_INCREMENT, AUTO_INCREMENT=112;

--
-- AUTO_INCREMENT for table `nus_currencies`
--
ALTER TABLE `nus_currencies`
  MODIFY `id` tinyint NOT NULL AUTO_INCREMENT, AUTO_INCREMENT=13;

--
-- AUTO_INCREMENT for table `nus_electricity_index`
--
ALTER TABLE `nus_electricity_index`
  MODIFY `id` tinyint NOT NULL AUTO_INCREMENT, AUTO_INCREMENT=29;

--
-- AUTO_INCREMENT for table `nus_naturalgas_index`
--
ALTER TABLE `nus_naturalgas_index`
  MODIFY `id` tinyint NOT NULL AUTO_INCREMENT, AUTO_INCREMENT=20;

--
-- AUTO_INCREMENT for table `nus_season`
--
ALTER TABLE `nus_season`
  MODIFY `seasonId` int NOT NULL AUTO_INCREMENT;

--
-- AUTO_INCREMENT for table `nus_supply_contract`
--
ALTER TABLE `nus_supply_contract`
  MODIFY `supplierId` int NOT NULL AUTO_INCREMENT, AUTO_INCREMENT=75;

--
-- AUTO_INCREMENT for table `nus_tradeperiods`
--
ALTER TABLE `nus_tradeperiods`
  MODIFY `tradePerId` int NOT NULL AUTO_INCREMENT, AUTO_INCREMENT=182;

--
-- AUTO_INCREMENT for table `nus_trade_periods_list`
--
ALTER TABLE `nus_trade_periods_list`
  MODIFY `tPeriodsId` int NOT NULL AUTO_INCREMENT;

--
-- AUTO_INCREMENT for table `parentcompanydata`
--
ALTER TABLE `parentcompanydata`
  MODIFY `id` int NOT NULL AUTO_INCREMENT, AUTO_INCREMENT=8;
COMMIT;

/*!40101 SET CHARACTER_SET_CLIENT=@OLD_CHARACTER_SET_CLIENT */;
/*!40101 SET CHARACTER_SET_RESULTS=@OLD_CHARACTER_SET_RESULTS */;
/*!40101 SET COLLATION_CONNECTION=@OLD_COLLATION_CONNECTION */;
